observation_id,city,district,division,region,country,latitude,longitude,timestamp_utc,sunrise_utc,sunset_utc,weather_main,weather_desc,weather_id,temp_celsius,feels_like_celsius,temp_min_celsius,temp_max_celsius,humidity_pct,pressure_hpa,visibility_m,wind_speed_mps,wind_deg,cloud_pct,rain_1h_mm,ingestion_timestamp,temp_fahrenheit,wind_speed_kmh,heat_index,date,hour,day_of_week,daylight_hrs,temp_category,humidity_category,weather_severity,record_created_at
224,Sangola,Solapur,,,IN,17.4333,75.2,2026-06-21 21:15:00,2026-06-21 00:25:00,2026-06-21 13:36:00,Clear,clear sky,800,26.9,30.0,25.7,36.4,74.0,1007.9,0.0,3.3,238.0,17.0,0.0,20260621_211759,80.42,11.88,25.13,2026-06-21,21,Sunday,13.18,Moderate,High,Clear,2026-06-21 21:19:41
223,Dhamangaon Railway,Amravati,,,IN,20.9833,77.5833,2026-06-21 21:15:00,2026-06-21 00:09:00,2026-06-21 13:33:00,Clear,clear sky,800,31.4,33.4,30.4,38.8,49.0,1004.2,0.0,2.9,216.0,7.0,0.0,20260621_211759,88.52,10.44,26.66,2026-06-21,21,Sunday,13.4,Hot,Medium,Clear,2026-06-21 21:19:41
222,Sangole,Solapur,Pune,Western Maharashtra,IN,17.433331,75.199997,2026-06-21 21:15:00,2026-06-21 00:25:00,2026-06-21 13:36:00,Clear,clear sky,800,26.9,30.0,25.7,36.4,74.0,1007.9,0.0,3.3,238.0,17.0,0.0,20260621_211759,80.42,11.88,25.13,2026-06-21,21,Sunday,13.18,Moderate,High,Clear,2026-06-21 21:19:41
221,Pandharpur,Solapur,Pune,Western Maharashtra,IN,17.66667,75.333328,2026-06-21 21:15:00,2026-06-21 00:24:00,2026-06-21 13:35:00,Clear,mainly clear,801,27.8,30.7,26.7,35.8,70.0,1007.6,0.0,3.42,245.0,20.0,0.0,20260621_211759,82.04,12.31,25.61,2026-06-21,21,Sunday,13.18,Moderate,Medium,Clear,2026-06-21 21:19:41
220,Karmala,Solapur,Pune,Western Maharashtra,IN,18.41667,75.199997,2026-06-21 21:15:00,2026-06-21 00:23:00,2026-06-21 13:38:00,Clear,clear sky,800,27.5,30.8,26.3,36.6,71.0,1007.5,0.0,2.82,264.0,5.0,0.0,20260621_211759,81.5,10.15,25.43,2026-06-21,21,Sunday,13.25,Moderate,High,Clear,2026-06-21 21:19:41
219,Barshi,Solapur,Pune,Western Maharashtra,IN,18.23333,75.699997,2026-06-21 21:15:00,2026-06-21 00:22:00,2026-06-21 13:35:00,Thunderstorm,thunderstorm,211,27.6,31.3,26.1,37.3,73.0,1007.3,0.0,2.63,256.0,31.0,0.0,20260621_211759,81.68,9.47,25.65,2026-06-21,21,Sunday,13.22,Moderate,High,Storm,2026-06-21 21:19:41
218,Akkalkot,Solapur,Pune,Western Maharashtra,IN,17.533331,76.216667,2026-06-21 21:15:00,2026-06-21 00:21:00,2026-06-21 13:32:00,Clear,clear sky,800,28.2,31.1,26.8,35.3,69.0,1007.3,0.0,3.82,238.0,18.0,0.0,20260621_211759,82.76,13.75,25.86,2026-06-21,21,Sunday,13.18,Moderate,Medium,Clear,2026-06-21 21:19:41
217,Wai,Satara,Pune,Western Maharashtra,IN,17.933331,73.900002,2026-06-21 21:15:00,2026-06-21 00:29:00,2026-06-21 13:42:00,Clouds,partly cloudy,802,24.1,28.2,23.0,32.8,87.0,1009.1,0.0,1.41,207.0,50.0,0.0,20260621_211759,75.38,5.08,23.41,2026-06-21,21,Sunday,13.22,Moderate,High,Cloudy,2026-06-21 21:19:41
216,Satara,Satara,Pune,Western Maharashtra,IN,17.683331,73.98333,2026-06-21 21:15:00,2026-06-21 00:30:00,2026-06-21 13:41:00,Clouds,overcast,804,24.0,28.4,22.4,31.5,87.0,1008.8,0.0,0.51,209.0,82.0,0.0,20260621_211759,75.2,1.84,23.32,2026-06-21,21,Sunday,13.18,Moderate,High,Cloudy,2026-06-21 21:19:41
215,Phaltan,Satara,Pune,Western Maharashtra,IN,17.98333,74.433327,2026-06-21 21:15:00,2026-06-21 00:27:00,2026-06-21 13:40:00,Clear,clear sky,800,25.3,29.0,24.6,35.6,80.0,1008.2,0.0,1.99,242.0,2.0,0.0,20260621_211759,77.54,7.16,24.11,2026-06-21,21,Sunday,13.22,Moderate,High,Clear,2026-06-21 21:19:41
214,Patan,Satara,Pune,Western Maharashtra,IN,17.3833,73.9,2026-06-21 21:15:00,2026-06-21 00:30:00,2026-06-21 13:41:00,Clouds,overcast,804,24.5,29.2,23.3,33.2,87.0,1008.8,0.0,0.65,266.0,95.0,0.0,20260621_211759,76.1,2.34,23.78,2026-06-21,21,Sunday,13.18,Moderate,High,Cloudy,2026-06-21 21:19:41
213,Man,Satara,Pune,Western Maharashtra,IN,17.8833,74.4333,2026-06-21 21:15:00,2026-06-21 00:27:00,2026-06-21 13:39:00,Clear,clear sky,800,24.0,27.7,23.0,34.0,86.0,1008.6,0.0,1.76,235.0,2.0,0.0,20260621_211759,75.2,6.34,23.27,2026-06-21,21,Sunday,13.2,Moderate,High,Clear,2026-06-21 21:19:41
212,Mahabaleshwar,Satara,Pune,Western Maharashtra,IN,17.91667,73.666672,2026-06-21 21:15:00,2026-06-21 00:31:00,2026-06-21 13:43:00,Clouds,overcast,804,18.5,20.8,17.7,25.7,98.0,1009.8,0.0,1.43,192.0,100.0,0.0,20260621_211759,65.3,5.15,18.46,2026-06-21,21,Sunday,13.2,Moderate,High,Cloudy,2026-06-21 21:19:41
211,Koregaon,Satara,Pune,Western Maharashtra,IN,18.65,74.083328,2026-06-21 21:15:00,2026-06-21 00:27:00,2026-06-21 13:42:00,Clear,clear sky,800,25.8,29.1,24.8,35.4,79.0,1007.9,0.0,2.74,255.0,14.0,0.0,20260621_211759,78.44,9.86,24.49,2026-06-21,21,Sunday,13.25,Moderate,High,Clear,2026-06-21 21:19:41
210,Khandala,Satara,Pune,Western Maharashtra,IN,18.05,74.0167,2026-06-21 21:15:00,2026-06-21 00:29:00,2026-06-21 13:42:00,Clear,mainly clear,801,23.8,27.9,23.2,32.5,86.0,1008.8,0.0,0.74,222.0,28.0,0.0,20260621_211759,74.84,2.66,23.08,2026-06-21,21,Sunday,13.22,Moderate,High,Clear,2026-06-21 21:19:41
209,Karad,Satara,Pune,Western Maharashtra,IN,17.283331,74.199997,2026-06-21 21:15:00,2026-06-21 00:30:00,2026-06-21 13:39:00,Clear,mainly clear,801,24.1,27.7,23.2,32.8,88.0,1008.8,0.0,2.34,222.0,44.0,0.0,20260621_211759,75.38,8.42,23.47,2026-06-21,21,Sunday,13.15,Moderate,High,Clear,2026-06-21 21:19:41
208,Walwa,Sangli,Pune,Western Maharashtra,IN,16.9833,74.4333,2026-06-21 21:15:00,2026-06-21 00:29:00,2026-06-21 13:38:00,Clear,mainly clear,801,25.0,28.6,24.0,34.2,83.0,1008.5,0.0,2.4,216.0,32.0,0.0,20260621_211759,77.0,8.64,24.02,2026-06-21,21,Sunday,13.15,Moderate,High,Clear,2026-06-21 21:19:41
207,Tasgaon,Sangli,Pune,Western Maharashtra,IN,17.033331,74.599998,2026-06-21 21:15:00,2026-06-21 00:28:00,2026-06-21 13:37:00,Clouds,overcast,804,24.8,28.3,23.7,34.4,84.0,1008.6,0.0,2.6,218.0,82.0,0.0,20260621_211759,76.64,9.36,23.89,2026-06-21,21,Sunday,13.15,Moderate,High,Cloudy,2026-06-21 21:19:41
206,Shirala,Sangli,Pune,Western Maharashtra,IN,17.1167,74.1333,2026-06-21 21:15:00,2026-06-21 00:30:00,2026-06-21 13:39:00,Clouds,overcast,804,23.5,27.1,22.4,30.9,90.0,1008.9,0.0,2.38,219.0,86.0,0.0,20260621_211759,74.3,8.57,23.0,2026-06-21,21,Sunday,13.15,Moderate,High,Cloudy,2026-06-21 21:19:41
205,Khanapur,Sangli,Pune,Western Maharashtra,IN,15.63333,74.51667,2026-06-21 21:15:00,2026-06-21 00:32:00,2026-06-21 13:35:00,Clear,mainly clear,801,22.8,25.6,22.6,29.8,93.0,1009.5,0.0,3.61,226.0,46.0,0.0,20260621_211759,73.04,13.0,22.48,2026-06-21,21,Sunday,13.05,Moderate,High,Clear,2026-06-21 21:19:41
204,Jat,Sangli,Pune,Western Maharashtra,IN,17.05,75.2167,2026-06-21 21:15:00,2026-06-21 00:26:00,2026-06-21 13:35:00,Clear,clear sky,800,24.3,26.8,23.3,35.3,84.0,1008.8,0.0,3.89,222.0,16.0,0.0,20260621_211759,75.74,14.0,23.44,2026-06-21,21,Sunday,13.15,Moderate,High,Clear,2026-06-21 21:19:41
203,Atpadi,Sangli,Pune,Western Maharashtra,IN,17.4333,74.9333,2026-06-21 21:15:00,2026-06-21 00:27:00,2026-06-21 13:37:00,Clear,clear sky,800,25.6,28.9,24.7,36.9,79.0,1008.2,0.0,2.75,233.0,5.0,0.0,20260621_211759,78.08,9.9,24.32,2026-06-21,21,Sunday,13.17,Moderate,High,Clear,2026-06-21 21:19:41
202,Shirur,Pune,Pune,Western Maharashtra,IN,18.8167,74.3667,2026-06-21 21:15:00,2026-06-21 00:26:00,2026-06-21 13:42:00,Clear,clear sky,800,25.4,29.2,24.3,34.3,81.0,1007.9,0.0,1.97,263.0,7.0,0.0,20260621_211759,77.72,7.09,24.26,2026-06-21,21,Sunday,13.27,Moderate,High,Clear,2026-06-21 21:19:41
201,Khed,Pune,Pune,Western Maharashtra,IN,18.87,73.89,2026-06-21 21:15:00,2026-06-21 00:28:00,2026-06-21 13:44:00,Clear,clear sky,800,24.0,27.5,23.1,34.0,88.0,1008.5,0.0,2.61,258.0,6.0,0.0,20260621_211759,75.2,9.4,23.37,2026-06-21,21,Sunday,13.27,Moderate,High,Clear,2026-06-21 21:19:41
200,Junnar,Pune,Pune,Western Maharashtra,IN,19.200001,73.883331,2026-06-21 21:15:00,2026-06-21 00:27:00,2026-06-21 13:44:00,Clear,mainly clear,801,23.2,26.3,22.4,31.7,92.0,1008.5,0.0,3.1,288.0,48.0,0.0,20260621_211759,73.76,11.16,22.82,2026-06-21,21,Sunday,13.28,Moderate,High,Clear,2026-06-21 21:19:41
199,Indapur,Pune,Pune,Western Maharashtra,IN,18.299999,73.25,2026-06-21 21:15:00,2026-06-21 00:32:00,2026-06-21 13:45:00,Thunderstorm,thunderstorm,211,25.9,31.7,25.2,34.3,95.0,1006.9,0.0,1.93,211.0,68.0,0.1,20260621_211759,78.62,6.95,25.59,2026-06-21,21,Sunday,13.22,Moderate,High,Storm,2026-06-21 21:19:41
198,Daund,Pune,Pune,Western Maharashtra,IN,18.466669,74.599998,2026-06-21 21:15:00,2026-06-21 00:26:00,2026-06-21 13:40:00,Clear,clear sky,800,26.1,30.2,25.4,35.8,79.0,1007.7,0.0,1.63,252.0,10.0,0.0,20260621_211759,78.98,5.87,24.76,2026-06-21,21,Sunday,13.23,Moderate,High,Clear,2026-06-21 21:19:41
197,Bhor,Pune,Pune,Western Maharashtra,IN,18.16667,73.849998,2026-06-21 21:15:00,2026-06-21 00:29:00,2026-06-21 13:42:00,Clear,mainly clear,801,23.3,27.5,23.1,32.2,93.0,1008.7,0.0,1.41,293.0,38.0,0.0,20260621_211759,73.94,5.08,22.96,2026-06-21,21,Sunday,13.22,Moderate,High,Clear,2026-06-21 21:19:41
196,Baramati,Pune,Pune,Western Maharashtra,IN,18.15,74.583328,2026-06-21 21:15:00,2026-06-21 00:26:00,2026-06-21 13:40:00,Clear,clear sky,800,25.9,29.8,24.7,35.6,79.0,1007.9,0.0,1.91,250.0,6.0,0.0,20260621_211759,78.62,6.88,24.58,2026-06-21,21,Sunday,13.23,Moderate,High,Clear,2026-06-21 21:19:41
195,Panhala,Kolhapur,Pune,Western Maharashtra,IN,16.816669,74.116669,2026-06-21 21:15:00,2026-06-21 00:31:00,2026-06-21 13:39:00,Clear,mainly clear,801,23.3,25.9,22.1,31.1,83.0,1008.6,0.0,2.5,213.0,31.0,0.0,20260621_211759,73.94,9.0,22.48,2026-06-21,21,Sunday,13.13,Moderate,High,Clear,2026-06-21 21:19:41
194,Kagal,Kolhapur,Pune,Western Maharashtra,IN,16.58333,74.316673,2026-06-21 21:15:00,2026-06-21 00:31:00,2026-06-21 13:37:00,Clear,mainly clear,801,25.1,28.4,23.9,32.4,81.0,1008.6,0.0,2.83,216.0,29.0,0.0,20260621_211759,77.18,10.19,23.99,2026-06-21,21,Sunday,13.1,Moderate,High,Clear,2026-06-21 21:19:41
193,Gadhinglaj,Kolhapur,Pune,Western Maharashtra,IN,16.23333,74.349998,2026-06-21 21:15:00,2026-06-21 00:31:00,2026-06-21 13:37:00,Clear,mainly clear,801,23.2,26.4,23.0,30.8,90.0,1009.3,0.0,2.76,212.0,42.0,0.0,20260621_211759,73.76,9.94,22.72,2026-06-21,21,Sunday,13.1,Moderate,High,Clear,2026-06-21 21:19:41
192,Chandgad,Kolhapur,Pune,Western Maharashtra,IN,15.8667,74.2,2026-06-21 21:15:00,2026-06-21 00:32:00,2026-06-21 13:37:00,Drizzle,light drizzle,300,21.7,25.0,21.7,27.0,100.0,1009.8,0.0,2.76,224.0,100.0,0.1,20260621_211759,71.06,9.94,21.7,2026-06-21,21,Sunday,13.08,Moderate,High,Rainy,2026-06-21 21:19:41
191,Ajra,Kolhapur,Pune,Western Maharashtra,IN,16.116671,74.199997,2026-06-21 21:15:00,2026-06-21 00:32:00,2026-06-21 13:37:00,Clouds,partly cloudy,802,23.1,26.4,23.0,30.6,91.0,1009.4,0.0,2.65,216.0,61.0,0.0,20260621_211759,73.58,9.54,22.67,2026-06-21,21,Sunday,13.08,Moderate,High,Cloudy,2026-06-21 21:19:41
190,Yavatmal,Yavatmal,Amravati,Vidarbha,IN,20.4,78.133331,2026-06-21 21:15:00,2026-06-21 00:08:00,2026-06-21 13:30:00,Clear,clear sky,800,30.1,32.6,29.8,37.3,58.0,1005.1,0.0,3.4,206.0,17.0,0.0,20260621_211759,86.18,12.24,26.5,2026-06-21,21,Sunday,13.37,Hot,Medium,Clear,2026-06-21 21:19:41
189,Wani,Yavatmal,Amravati,Vidarbha,IN,20.066669,78.949997,2026-06-21 21:15:00,2026-06-21 00:05:00,2026-06-21 13:26:00,Clear,clear sky,800,30.5,33.2,28.2,38.0,59.0,1004.6,0.0,3.73,220.0,16.0,0.0,20260621_211759,86.9,13.43,26.89,2026-06-21,21,Sunday,13.35,Hot,Medium,Clear,2026-06-21 21:19:41
188,Umarkhed,Yavatmal,Amravati,Vidarbha,IN,19.6,77.699997,2026-06-21 21:15:00,2026-06-21 00:11:00,2026-06-21 13:30:00,Clear,mainly clear,801,30.1,31.3,24.9,37.7,53.0,1005.8,0.0,4.37,219.0,28.0,0.0,20260621_211759,86.18,15.73,26.07,2026-06-21,21,Sunday,13.32,Hot,Medium,Clear,2026-06-21 21:19:41
187,Ralegaon,Yavatmal,Amravati,Vidarbha,IN,20.25,78.5,2026-06-21 21:15:00,2026-06-21 00:06:00,2026-06-21 13:28:00,Clear,clear sky,800,29.6,32.0,26.2,36.9,59.0,1004.9,0.0,3.65,222.0,12.0,0.0,20260621_211759,85.28,13.14,26.19,2026-06-21,21,Sunday,13.37,Moderate,Medium,Clear,2026-06-21 21:19:41
186,Pusad,Yavatmal,Amravati,Vidarbha,IN,19.9,77.583328,2026-06-21 21:15:00,2026-06-21 00:11:00,2026-06-21 13:31:00,Clear,clear sky,800,30.5,32.2,29.7,38.1,52.0,1005.3,0.0,3.47,227.0,6.0,0.0,20260621_211759,86.9,12.49,26.28,2026-06-21,21,Sunday,13.33,Hot,Medium,Clear,2026-06-21 21:19:41
185,Maregaon,Yavatmal,Amravati,Vidarbha,IN,20.1,78.15,2026-06-21 21:15:00,2026-06-21 00:08:00,2026-06-21 13:29:00,Clear,mainly clear,801,30.9,33.6,30.1,38.3,56.0,1004.9,0.0,3.21,217.0,29.0,0.0,20260621_211759,87.62,11.56,26.93,2026-06-21,21,Sunday,13.35,Hot,Medium,Clear,2026-06-21 21:19:41
184,Kalamb,Yavatmal,Amravati,Vidarbha,IN,20.47,78.32,2026-06-21 21:15:00,2026-06-21 00:07:00,2026-06-21 13:29:00,Clear,clear sky,800,31.1,33.1,31.0,38.3,55.0,1004.5,0.0,4.37,210.0,10.0,0.0,20260621_211759,87.98,15.73,26.99,2026-06-21,21,Sunday,13.37,Hot,Medium,Clear,2026-06-21 21:19:41
183,Ghatanji,Yavatmal,Amravati,Vidarbha,IN,20.133329,78.316673,2026-06-21 21:15:00,2026-06-21 00:08:00,2026-06-21 13:29:00,Clear,mainly clear,801,30.2,33.3,29.2,37.7,59.0,1005.0,0.0,2.54,212.0,24.0,0.0,20260621_211759,86.36,9.14,26.66,2026-06-21,21,Sunday,13.35,Hot,Medium,Clear,2026-06-21 21:19:41
182,Digras,Yavatmal,Amravati,Vidarbha,IN,20.116671,77.716667,2026-06-21 21:15:00,2026-06-21 00:10:00,2026-06-21 13:31:00,Clear,mainly clear,801,30.5,32.2,29.8,36.9,55.0,1005.2,0.0,4.35,223.0,34.0,0.0,20260621_211759,86.9,15.66,26.54,2026-06-21,21,Sunday,13.35,Hot,Medium,Clear,2026-06-21 21:19:41
181,Darwha,Yavatmal,Amravati,Vidarbha,IN,20.316669,77.76667,2026-06-21 21:15:00,2026-06-21 00:09:00,2026-06-21 13:31:00,Clear,mainly clear,801,30.6,32.8,30.4,37.7,55.0,1004.9,0.0,3.6,218.0,23.0,0.0,20260621_211759,87.08,12.96,26.62,2026-06-21,21,Sunday,13.37,Hot,Medium,Clear,2026-06-21 21:19:41
180,Arni,Yavatmal,Amravati,Vidarbha,IN,19.9833,78.0,2026-06-21 21:15:00,2026-06-21 00:09:00,2026-06-21 13:29:00,Clear,clear sky,800,31.1,33.4,29.8,38.0,55.0,1004.9,0.0,3.8,219.0,19.0,0.0,20260621_211759,87.98,13.68,26.99,2026-06-21,21,Sunday,13.33,Hot,Medium,Clear,2026-06-21 21:19:41
179,Washim,Washim,Amravati,Vidarbha,IN,20.1,77.150002,2026-06-21 21:15:00,2026-06-21 00:12:00,2026-06-21 13:33:00,Clear,clear sky,800,29.8,31.4,28.8,37.1,51.0,1005.9,0.0,2.86,199.0,12.0,0.0,20260621_211759,85.64,10.3,25.68,2026-06-21,21,Sunday,13.35,Moderate,Medium,Clear,2026-06-21 21:19:41
178,Risod,Washim,Amravati,Vidarbha,IN,19.966669,76.783333,2026-06-21 21:15:00,2026-06-21 00:14:00,2026-06-21 13:34:00,Clear,clear sky,800,30.0,32.2,28.7,37.1,50.0,1005.8,0.0,1.86,204.0,3.0,0.0,20260621_211759,86.0,6.7,25.74,2026-06-21,21,Sunday,13.33,Moderate,Medium,Clear,2026-06-21 21:19:41
177,Manora,Washim,Amravati,Vidarbha,IN,20.25,77.15,2026-06-21 21:15:00,2026-06-21 00:12:00,2026-06-21 13:33:00,Clear,clear sky,800,30.3,31.0,28.4,35.7,49.0,1005.4,0.0,4.41,206.0,11.0,0.0,20260621_211759,86.54,15.88,25.87,2026-06-21,21,Sunday,13.35,Hot,Medium,Clear,2026-06-21 21:19:41
176,Mangrulpir,Washim,Amravati,Vidarbha,IN,20.316669,77.349998,2026-06-21 21:15:00,2026-06-21 00:11:00,2026-06-21 13:33:00,Clear,mainly clear,801,30.7,31.5,28.9,35.8,49.0,1005.3,0.0,4.51,214.0,23.0,0.0,20260621_211759,87.26,16.24,26.16,2026-06-21,21,Sunday,13.37,Hot,Medium,Clear,2026-06-21 21:19:41
175,Malegaon,Washim,Amravati,Vidarbha,IN,20.32,77.52,2026-06-21 21:15:00,2026-06-21 00:10:00,2026-06-21 13:32:00,Clear,mainly clear,801,30.6,32.0,29.6,36.9,52.0,1005.1,0.0,4.19,216.0,31.0,0.0,20260621_211759,87.08,15.08,26.35,2026-06-21,21,Sunday,13.37,Hot,Medium,Clear,2026-06-21 21:19:41
174,Karanja,Washim,Amravati,Vidarbha,IN,20.48333,77.48333,2026-06-21 21:15:00,2026-06-21 00:10:00,2026-06-21 13:33:00,Clear,clear sky,800,30.8,32.6,29.7,37.9,51.0,1005.0,0.0,3.39,226.0,15.0,0.0,20260621_211759,87.44,12.2,26.41,2026-06-21,21,Sunday,13.38,Hot,Medium,Clear,2026-06-21 21:19:41
173,Wardha,Wardha,Nagpur,Vidarbha,IN,20.75,78.616669,2026-06-21 21:15:00,2026-06-21 00:05:00,2026-06-21 13:29:00,Clear,clear sky,800,31.4,34.3,27.6,38.9,53.0,1004.4,0.0,2.44,227.0,7.0,0.0,20260621_211759,88.52,8.78,27.03,2026-06-21,21,Sunday,13.4,Hot,Medium,Clear,2026-06-21 21:19:41
172,Karanja,Wardha,Nagpur,Vidarbha,IN,20.48333,77.48333,2026-06-21 21:15:00,2026-06-21 00:10:00,2026-06-21 13:33:00,Clear,clear sky,800,30.8,32.6,29.7,37.9,51.0,1005.0,0.0,3.39,226.0,15.0,0.0,20260621_211759,87.44,12.2,26.41,2026-06-21,21,Sunday,13.38,Hot,Medium,Clear,2026-06-21 21:19:41
171,Hinganghat,Wardha,Nagpur,Vidarbha,IN,20.566669,78.833328,2026-06-21 21:15:00,2026-06-21 00:05:00,2026-06-21 13:27:00,Clear,clear sky,800,31.2,33.9,28.7,38.5,54.0,1004.5,0.0,2.91,231.0,9.0,0.0,20260621_211759,88.16,10.48,26.97,2026-06-21,21,Sunday,13.37,Hot,Medium,Clear,2026-06-21 21:19:41
170,Deoli,Wardha,Nagpur,Vidarbha,IN,25.75,75.383331,2026-06-21 21:15:00,2026-06-21 00:07:00,2026-06-21 13:52:00,Clear,clear sky,800,28.3,29.9,28.1,35.8,57.0,1003.3,0.0,3.22,226.0,1.0,0.0,20260621_211759,82.94,11.59,25.04,2026-06-21,21,Sunday,13.75,Moderate,Medium,Clear,2026-06-21 21:19:41
169,Ashti,Wardha,Nagpur,Vidarbha,IN,19.383329,76.23333,2026-06-21 21:15:00,2026-06-21 00:17:00,2026-06-21 13:35:00,Clear,mainly clear,801,30.5,32.6,28.7,37.4,51.0,1005.7,0.0,2.59,251.0,23.0,0.0,20260621_211759,86.9,9.32,26.19,2026-06-21,21,Sunday,13.3,Hot,Medium,Clear,2026-06-21 21:19:41
168,Arvi,Wardha,Nagpur,Vidarbha,IN,20.98333,78.23333,2026-06-21 21:15:00,2026-06-21 00:06:00,2026-06-21 13:31:00,Clear,clear sky,800,30.8,33.8,30.5,38.1,55.0,1004.5,0.0,2.42,207.0,5.0,0.0,20260621_211759,87.44,8.71,26.77,2026-06-21,21,Sunday,13.42,Hot,Medium,Clear,2026-06-21 21:19:41
167,Umred,Nagpur,Nagpur,Vidarbha,IN,20.85,79.333328,2026-06-21 21:15:00,2026-06-21 00:02:00,2026-06-21 13:26:00,Clear,clear sky,800,29.9,32.4,29.6,38.1,58.0,1004.7,0.0,3.31,236.0,2.0,0.0,20260621_211759,85.82,11.92,26.34,2026-06-21,21,Sunday,13.4,Moderate,Medium,Clear,2026-06-21 21:19:41
166,Ramtek,Nagpur,Nagpur,Vidarbha,IN,21.4,79.333328,2026-06-21 21:15:00,2026-06-21 00:01:00,2026-06-21 13:27:00,Clear,clear sky,800,31.2,33.3,29.6,38.9,50.0,1004.4,0.0,2.97,225.0,0.0,0.0,20260621_211759,88.16,10.69,26.61,2026-06-21,21,Sunday,13.43,Hot,Medium,Clear,2026-06-21 21:19:41
165,Katol,Nagpur,Nagpur,Vidarbha,IN,21.26667,78.583328,2026-06-21 21:15:00,2026-06-21 00:04:00,2026-06-21 13:30:00,Clear,clear sky,800,29.4,31.6,29.0,36.2,56.0,1005.1,0.0,2.75,205.0,6.0,0.0,20260621_211759,84.92,9.9,25.79,2026-06-21,21,Sunday,13.43,Moderate,Medium,Clear,2026-06-21 21:19:41
164,Kalameshwar,Nagpur,Nagpur,Vidarbha,IN,21.23333,78.900002,2026-06-21 21:15:00,2026-06-21 00:03:00,2026-06-21 13:28:00,Clear,clear sky,800,30.9,32.7,30.5,38.1,50.0,1004.5,0.0,3.22,237.0,1.0,0.0,20260621_211759,87.62,11.59,26.39,2026-06-21,21,Sunday,13.42,Hot,Medium,Clear,2026-06-21 21:19:41
163,Goregaon,Gondia,Nagpur,Vidarbha,IN,20.97,80.22,2026-06-21 21:15:00,2026-06-20 23:58:00,2026-06-21 13:23:00,Clear,clear sky,800,28.2,31.7,26.6,36.8,67.0,1005.0,0.0,2.12,195.0,9.0,0.0,20260621_211759,82.76,7.63,25.71,2026-06-21,21,Sunday,13.42,Moderate,Medium,Clear,2026-06-21 21:19:41
162,Gondia,Gondia,Nagpur,Vidarbha,IN,21.450001,80.199997,2026-06-21 21:15:00,2026-06-20 23:57:00,2026-06-21 13:24:00,Clear,clear sky,800,29.9,31.9,29.1,39.4,56.0,1004.4,0.0,3.59,219.0,15.0,0.0,20260621_211759,85.82,12.92,26.17,2026-06-21,21,Sunday,13.45,Moderate,Medium,Clear,2026-06-21 21:19:41
161,Deori,Gondia,Nagpur,Vidarbha,IN,21.18,80.31,2026-06-21 21:15:00,2026-06-20 23:57:00,2026-06-21 13:23:00,Clear,clear sky,800,29.0,31.8,28.4,37.3,62.0,1004.7,0.0,2.86,216.0,3.0,0.0,20260621_211759,84.2,10.3,25.97,2026-06-21,21,Sunday,13.43,Moderate,Medium,Clear,2026-06-21 21:19:41
160,Amgaon,Gondia,Nagpur,Vidarbha,IN,20.65,80.35,2026-06-21 21:15:00,2026-06-20 23:58:00,2026-06-21 13:21:00,Clear,clear sky,800,27.8,31.3,26.2,36.1,71.0,1005.2,0.0,2.56,184.0,7.0,0.0,20260621_211759,82.04,9.22,25.68,2026-06-21,21,Sunday,13.38,Moderate,High,Clear,2026-06-21 21:19:41
159,Dhanora,Gadchiroli,Nagpur,Vidarbha,IN,20.2667,80.0,2026-06-21 21:15:00,2026-06-21 00:01:00,2026-06-21 13:22:00,Clear,clear sky,800,29.4,32.9,29.1,37.5,67.0,1004.8,0.0,3.13,188.0,9.0,0.0,20260621_211759,84.92,11.27,26.7,2026-06-21,21,Sunday,13.35,Moderate,Medium,Clear,2026-06-21 21:19:41
158,Aheri,Gadchiroli,Nagpur,Vidarbha,IN,19.4167,80.0,2026-06-21 21:15:00,2026-06-21 00:02:00,2026-06-21 13:20:00,Clear,clear sky,800,29.0,33.9,28.9,38.2,74.0,1005.1,0.0,1.91,160.0,4.0,0.0,20260621_211759,84.2,6.88,26.93,2026-06-21,21,Sunday,13.3,Moderate,High,Clear,2026-06-21 21:19:41
157,Warora,Chandrapur,Nagpur,Vidarbha,IN,20.23333,79.0,2026-06-21 21:15:00,2026-06-21 00:05:00,2026-06-21 13:26:00,Clear,clear sky,800,31.2,34.2,29.2,38.5,55.0,1004.5,0.0,2.62,223.0,10.0,0.0,20260621_211759,88.16,9.43,27.07,2026-06-21,21,Sunday,13.35,Hot,Medium,Clear,2026-06-21 21:19:41
156,Rajura,Chandrapur,Nagpur,Vidarbha,IN,19.783331,79.366669,2026-06-21 21:15:00,2026-06-21 00:04:00,2026-06-21 13:24:00,Clear,mainly clear,801,30.4,34.5,27.6,37.7,60.0,1004.6,0.0,1.11,172.0,31.0,0.0,20260621_211759,86.72,4.0,26.9,2026-06-21,21,Sunday,13.33,Hot,Medium,Clear,2026-06-21 21:19:41
155,Mul,Chandrapur,Nagpur,Vidarbha,IN,20.066669,79.666672,2026-06-21 21:15:00,2026-06-21 00:02:00,2026-06-21 13:23:00,Clear,clear sky,800,29.0,32.7,28.7,37.7,66.0,1004.9,0.0,2.21,176.0,13.0,0.0,20260621_211759,84.2,7.96,26.29,2026-06-21,21,Sunday,13.35,Moderate,Medium,Clear,2026-06-21 21:19:41
154,Chandrapur,Chandrapur,Nagpur,Vidarbha,IN,19.95,79.3,2026-06-21 21:15:00,2026-06-21 00:04:00,2026-06-21 13:24:00,Clear,clear sky,800,30.2,34.5,29.3,38.2,61.0,1004.7,0.0,1.01,171.0,14.0,0.0,20260621_211759,86.36,3.64,26.83,2026-06-21,21,Sunday,13.33,Hot,Medium,Clear,2026-06-21 21:19:41
153,Bhadravati,Chandrapur,Nagpur,Vidarbha,IN,20.11,79.11,2026-06-21 21:15:00,2026-06-21 00:04:00,2026-06-21 13:25:00,Clear,clear sky,800,31.1,34.2,29.4,38.3,56.0,1004.6,0.0,2.5,217.0,7.0,0.0,20260621_211759,87.98,9.0,27.08,2026-06-21,21,Sunday,13.35,Hot,Medium,Clear,2026-06-21 21:19:41
152,Ballarpur,Chandrapur,Nagpur,Vidarbha,IN,19.83333,79.349998,2026-06-21 21:15:00,2026-06-21 00:04:00,2026-06-21 13:24:00,Clear,mainly clear,801,30.4,34.8,28.7,38.3,60.0,1004.7,0.0,0.79,162.0,22.0,0.0,20260621_211759,86.72,2.84,26.9,2026-06-21,21,Sunday,13.33,Hot,Medium,Clear,2026-06-21 21:19:41
151,Shegaon,Buldhana,Amravati,Vidarbha,IN,20.783331,76.683327,2026-06-21 21:15:00,2026-06-21 00:13:00,2026-06-21 13:36:00,Clear,clear sky,800,31.7,33.4,29.8,39.9,50.0,1004.6,0.0,3.9,221.0,10.0,0.0,20260621_211759,89.06,14.04,26.97,2026-06-21,21,Sunday,13.38,Hot,Medium,Clear,2026-06-21 21:19:41
150,Sangrampur,Buldhana,Amravati,Vidarbha,IN,21.0167,76.6833,2026-06-21 21:15:00,2026-06-21 00:12:00,2026-06-21 13:37:00,Clear,mainly clear,801,32.2,33.8,29.7,39.0,43.0,1004.4,0.0,2.25,273.0,21.0,0.0,20260621_211759,89.96,8.1,26.65,2026-06-21,21,Sunday,13.42,Hot,Medium,Clear,2026-06-21 21:19:41
149,Nandura,Buldhana,Amravati,Vidarbha,IN,20.8333,76.45,2026-06-21 21:15:00,2026-06-21 00:14:00,2026-06-21 13:37:00,Clear,clear sky,800,32.4,33.1,29.5,40.0,44.0,1004.7,0.0,4.79,284.0,12.0,0.0,20260621_211759,90.32,17.24,26.89,2026-06-21,21,Sunday,13.38,Hot,Medium,Clear,2026-06-21 21:19:41
148,Motala,Buldhana,Amravati,Vidarbha,IN,20.6167,76.2167,2026-06-21 21:15:00,2026-06-21 00:15:00,2026-06-21 13:38:00,Clear,clear sky,800,30.6,32.1,28.0,37.1,49.0,1005.5,0.0,3.18,294.0,12.0,0.0,20260621_211759,87.08,11.45,26.08,2026-06-21,21,Sunday,13.38,Hot,Medium,Clear,2026-06-21 21:19:41
147,Mehkar,Buldhana,Amravati,Vidarbha,IN,20.15,76.566673,2026-06-21 21:15:00,2026-06-21 00:15:00,2026-06-21 13:36:00,Clear,clear sky,800,30.8,33.0,28.2,37.8,45.0,1005.8,0.0,0.97,282.0,15.0,0.0,20260621_211759,87.44,3.49,25.87,2026-06-21,21,Sunday,13.35,Hot,Medium,Clear,2026-06-21 21:19:41
146,Malkapur,Buldhana,Amravati,Vidarbha,IN,20.883329,76.199997,2026-06-21 21:15:00,2026-06-21 00:14:00,2026-06-21 13:38:00,Clear,mainly clear,801,32.2,33.3,29.2,39.7,46.0,1004.8,0.0,4.62,288.0,24.0,0.0,20260621_211759,89.96,16.63,26.94,2026-06-21,21,Sunday,13.4,Hot,Medium,Clear,2026-06-21 21:19:41
145,Lonar,Buldhana,Amravati,Vidarbha,IN,19.98333,76.533333,2026-06-21 21:15:00,2026-06-21 00:15:00,2026-06-21 13:35:00,Clear,clear sky,800,30.4,33.1,28.5,37.7,49.0,1005.7,0.0,0.96,171.0,11.0,0.0,20260621_211759,86.72,3.46,25.94,2026-06-21,21,Sunday,13.33,Hot,Medium,Clear,2026-06-21 21:19:41
144,Khamgaon,Buldhana,Amravati,Vidarbha,IN,20.683331,76.566673,2026-06-21 21:15:00,2026-06-21 00:13:00,2026-06-21 13:37:00,Clear,mainly clear,801,32.2,33.6,29.4,38.8,44.0,1004.9,0.0,3.01,264.0,21.0,0.0,20260621_211759,89.96,10.84,26.75,2026-06-21,21,Sunday,13.4,Hot,Medium,Clear,2026-06-21 21:19:41
143,Jalgaon Jamod,Buldhana,Amravati,Vidarbha,IN,21.048611,76.534439,2026-06-21 21:15:00,2026-06-21 00:13:00,2026-06-21 13:37:00,Clear,clear sky,800,30.4,32.7,28.8,38.0,52.0,1004.9,0.0,2.45,303.0,7.0,0.0,20260621_211759,86.72,8.82,26.2,2026-06-21,21,Sunday,13.4,Hot,Medium,Clear,2026-06-21 21:19:41
142,Deulgaon Raja,Buldhana,Amravati,Vidarbha,IN,20.01667,76.033333,2026-06-21 21:15:00,2026-06-21 00:17:00,2026-06-21 13:37:00,Clear,clear sky,800,30.8,31.9,27.8,37.2,46.0,1006.0,0.0,3.11,312.0,13.0,0.0,20260621_211759,87.44,11.2,25.96,2026-06-21,21,Sunday,13.33,Hot,Medium,Clear,2026-06-21 21:19:41
141,Chikhli,Buldhana,Amravati,Vidarbha,IN,20.75,73.066673,2026-06-21 21:15:00,2026-06-21 00:27:00,2026-06-21 13:51:00,Drizzle,light drizzle,300,29.1,34.3,27.8,35.2,77.0,1005.5,0.0,2.51,224.0,41.0,0.1,20260621_211759,84.38,9.04,27.25,2026-06-21,21,Sunday,13.4,Moderate,High,Rainy,2026-06-21 21:19:41
140,Buldhana,Buldhana,Amravati,Vidarbha,IN,20.533331,76.183327,2026-06-21 21:15:00,2026-06-21 00:16:00,2026-06-21 13:38:00,Clear,clear sky,800,28.6,29.5,26.0,35.3,52.0,1006.6,0.0,3.73,305.0,8.0,0.0,20260621_211759,83.48,13.43,24.88,2026-06-21,21,Sunday,13.37,Moderate,Medium,Clear,2026-06-21 21:19:41
139,Tumsar,Bhandara,Nagpur,Vidarbha,IN,21.383329,79.73333,2026-06-21 21:15:00,2026-06-20 23:59:00,2026-06-21 13:25:00,Clear,clear sky,800,30.6,33.2,29.5,39.5,55.0,1004.3,0.0,2.97,226.0,1.0,0.0,20260621_211759,87.08,10.69,26.62,2026-06-21,21,Sunday,13.43,Hot,Medium,Clear,2026-06-21 21:19:41
138,Bhandara,Bhandara,Nagpur,Vidarbha,IN,21.16667,79.650002,2026-06-21 21:15:00,2026-06-21 00:00:00,2026-06-21 13:25:00,Clear,clear sky,800,30.5,32.9,30.2,38.8,56.0,1004.3,0.0,3.4,227.0,1.0,0.0,20260621_211759,86.9,12.24,26.63,2026-06-21,21,Sunday,13.42,Hot,Medium,Clear,2026-06-21 21:19:41
137,Warud,Amravati,Amravati,Vidarbha,IN,21.466669,78.26667,2026-06-21 21:15:00,2026-06-21 00:05:00,2026-06-21 13:32:00,Clear,clear sky,800,28.9,31.8,28.4,35.8,59.0,1005.0,0.0,1.79,207.0,4.0,0.0,20260621_211759,84.02,6.44,25.65,2026-06-21,21,Sunday,13.45,Moderate,Medium,Clear,2026-06-21 21:19:41
136,Morshi,Amravati,Amravati,Vidarbha,IN,21.3333,78.0167,2026-06-21 21:15:00,2026-06-21 00:06:00,2026-06-21 13:32:00,Clear,clear sky,800,29.7,33.0,29.0,36.4,58.0,1005.0,0.0,1.52,221.0,7.0,0.0,20260621_211759,85.46,5.47,26.19,2026-06-21,21,Sunday,13.43,Moderate,Medium,Clear,2026-06-21 21:19:41
135,Dharni,Amravati,Amravati,Vidarbha,IN,21.5333,77.1667,2026-06-21 21:15:00,2026-06-21 00:09:00,2026-06-21 13:36:00,Clear,clear sky,800,27.6,31.0,25.7,34.7,63.0,1005.2,0.0,0.74,152.0,5.0,0.0,20260621_211759,81.68,2.66,24.93,2026-06-21,21,Sunday,13.45,Moderate,Medium,Clear,2026-06-21 21:19:41
134,Dhamangaon,Amravati,Amravati,Vidarbha,IN,20.98,77.58,2026-06-21 21:15:00,2026-06-21 00:09:00,2026-06-21 13:33:00,Clear,clear sky,800,31.4,33.4,30.4,38.8,49.0,1004.2,0.0,2.9,216.0,7.0,0.0,20260621_211759,88.52,10.44,26.66,2026-06-21,21,Sunday,13.4,Hot,Medium,Clear,2026-06-21 21:19:41
133,Daryapur,Amravati,Amravati,Vidarbha,IN,20.933331,77.333328,2026-06-21 21:15:00,2026-06-21 00:10:00,2026-06-21 13:34:00,Clear,clear sky,800,31.9,33.8,30.2,38.9,47.0,1004.2,0.0,2.74,218.0,6.0,0.0,20260621_211759,89.42,9.86,26.83,2026-06-21,21,Sunday,13.4,Hot,Medium,Clear,2026-06-21 21:19:41
132,Chandur,Amravati,Amravati,Vidarbha,IN,20.816669,77.966667,2026-06-21 21:15:00,2026-06-21 00:07:00,2026-06-21 13:31:00,Clear,clear sky,800,30.3,32.7,29.8,37.4,56.0,1004.7,0.0,3.38,209.0,17.0,0.0,20260621_211759,86.54,12.17,26.48,2026-06-21,21,Sunday,13.4,Hot,Medium,Clear,2026-06-21 21:19:41
131,Amravati,Amravati,Amravati,Vidarbha,IN,20.933331,77.75,2026-06-21 21:15:00,2026-06-21 00:08:00,2026-06-21 13:32:00,Clear,clear sky,800,31.1,33.3,29.5,38.0,51.0,1004.6,0.0,2.78,194.0,14.0,0.0,20260621_211759,87.98,10.01,26.63,2026-06-21,21,Sunday,13.4,Hot,Medium,Clear,2026-06-21 21:19:41
130,Achalpur,Amravati,Amravati,Vidarbha,IN,21.257219,77.508614,2026-06-21 21:15:00,2026-06-21 00:08:00,2026-06-21 13:34:00,Clear,clear sky,800,29.6,33.5,29.3,37.1,61.0,1004.8,0.0,1.13,319.0,1.0,0.0,20260621_211759,85.28,4.07,26.36,2026-06-21,21,Sunday,13.43,Moderate,Medium,Clear,2026-06-21 21:19:41
129,Telhara,Akola,Amravati,Vidarbha,IN,21.026939,76.83889,2026-06-21 21:15:00,2026-06-21 00:12:00,2026-06-21 13:36:00,Clear,clear sky,800,31.8,35.5,29.9,38.7,50.0,1004.3,0.0,0.56,207.0,17.0,0.0,20260621_211759,89.24,2.02,27.04,2026-06-21,21,Sunday,13.4,Hot,Medium,Clear,2026-06-21 21:19:41
128,Patur,Akola,Amravati,Vidarbha,IN,20.450001,76.933327,2026-06-21 21:15:00,2026-06-21 00:12:00,2026-06-21 13:34:00,Clear,mainly clear,801,31.3,33.5,29.2,36.7,48.0,1005.1,0.0,2.13,240.0,44.0,0.0,20260621_211759,88.34,7.67,26.5,2026-06-21,21,Sunday,13.37,Hot,Medium,Clear,2026-06-21 21:19:41
127,Murtajapur,Akola,Amravati,Vidarbha,IN,20.73333,77.383331,2026-06-21 21:15:00,2026-06-21 00:10:00,2026-06-21 13:33:00,Clear,mainly clear,801,32.0,33.6,30.1,38.5,47.0,1004.3,0.0,3.58,205.0,33.0,0.0,20260621_211759,89.6,12.89,26.9,2026-06-21,21,Sunday,13.38,Hot,Medium,Clear,2026-06-21 21:19:41
126,Balapur,Akola,Amravati,Vidarbha,IN,20.66667,76.76667,2026-06-21 21:15:00,2026-06-21 00:13:00,2026-06-21 13:36:00,Clear,clear sky,800,29.7,32.1,29.4,38.2,60.0,1004.9,0.0,3.57,248.0,6.0,0.0,20260621_211759,85.46,12.85,26.36,2026-06-21,21,Sunday,13.38,Moderate,Medium,Clear,2026-06-21 21:19:41
125,Akot,Akola,Amravati,Vidarbha,IN,21.09639,77.058609,2026-06-21 21:15:00,2026-06-21 00:10:00,2026-06-21 13:35:00,Clear,clear sky,800,31.0,35.3,30.0,38.1,58.0,1004.8,0.0,0.59,340.0,5.0,0.0,20260621_211759,87.8,2.12,27.19,2026-06-21,21,Sunday,13.42,Hot,Medium,Clear,2026-06-21 21:19:41
124,Akola,Akola,Amravati,Vidarbha,IN,20.73333,77.0,2026-06-21 21:15:00,2026-06-21 00:12:00,2026-06-21 13:35:00,Clear,mainly clear,801,32.0,33.1,29.9,39.1,46.0,1004.6,0.0,4.16,244.0,46.0,0.0,20260621_211759,89.6,14.98,26.8,2026-06-21,21,Sunday,13.38,Hot,Medium,Clear,2026-06-21 21:19:41
123,Yeola,Nashik,Nashik,North Maharashtra,IN,20.033331,74.48333,2026-06-21 21:15:00,2026-06-21 00:23:00,2026-06-21 13:44:00,Clear,clear sky,800,26.3,28.7,24.7,36.4,71.0,1007.4,0.0,3.49,279.0,9.0,0.0,20260621_211759,79.34,12.56,24.42,2026-06-21,21,Sunday,13.35,Moderate,High,Clear,2026-06-21 21:19:41
122,Surgana,Nashik,Nashik,North Maharashtra,IN,20.566669,73.616669,2026-06-21 21:15:00,2026-06-21 00:25:00,2026-06-21 13:48:00,Clear,mainly clear,801,24.5,28.6,23.3,32.9,88.0,1007.7,0.0,2.16,228.0,39.0,0.0,20260621_211759,76.1,7.78,23.84,2026-06-21,21,Sunday,13.38,Moderate,High,Clear,2026-06-21 21:19:41
121,Sinnar,Nashik,Nashik,North Maharashtra,IN,19.85,74.0,2026-06-21 21:15:00,2026-06-21 00:25:00,2026-06-21 13:45:00,Clouds,partly cloudy,802,24.4,26.4,23.3,33.6,83.0,1007.8,0.0,4.8,268.0,79.0,0.0,20260621_211759,75.92,17.28,23.47,2026-06-21,21,Sunday,13.33,Moderate,High,Cloudy,2026-06-21 21:19:41
120,Nashik,Nashik,Nashik,North Maharashtra,IN,19.98333,73.800003,2026-06-21 21:15:00,2026-06-21 00:26:00,2026-06-21 13:46:00,Clouds,overcast,804,25.1,28.3,23.9,34.5,81.0,1007.7,0.0,2.77,264.0,100.0,0.0,20260621_211759,77.18,9.97,23.99,2026-06-21,21,Sunday,13.33,Moderate,High,Cloudy,2026-06-21 21:19:41
119,Nandgaon,Nashik,Nashik,North Maharashtra,IN,20.3167,74.65,2026-06-21 21:15:00,2026-06-21 00:22:00,2026-06-21 13:43:00,Clear,clear sky,800,27.1,29.6,25.6,37.5,68.0,1006.9,0.0,3.18,263.0,9.0,0.0,20260621_211759,80.78,11.45,24.88,2026-06-21,21,Sunday,13.35,Moderate,Medium,Clear,2026-06-21 21:19:41
118,Malegaon,Nashik,Nashik,North Maharashtra,IN,20.549999,74.533333,2026-06-21 21:15:00,2026-06-21 00:22:00,2026-06-21 13:44:00,Clear,clear sky,800,27.5,30.0,25.9,37.3,69.0,1006.6,0.0,3.77,264.0,14.0,0.0,20260621_211759,81.5,13.57,25.28,2026-06-21,21,Sunday,13.37,Moderate,Medium,Clear,2026-06-21 21:19:41
117,Kalwan,Nashik,Nashik,North Maharashtra,IN,20.5,74.0333,2026-06-21 21:15:00,2026-06-21 00:24:00,2026-06-21 13:46:00,Clear,mainly clear,801,24.6,26.8,23.4,34.4,80.0,1007.5,0.0,4.01,260.0,40.0,0.0,20260621_211759,76.28,14.44,23.49,2026-06-21,21,Sunday,13.37,Moderate,High,Clear,2026-06-21 21:19:41
116,Igatpuri,Nashik,Nashik,North Maharashtra,IN,19.700001,73.550003,2026-06-21 21:15:00,2026-06-21 00:27:00,2026-06-21 13:47:00,Clouds,partly cloudy,802,24.7,28.2,23.5,32.5,86.0,1008.0,0.0,2.85,248.0,51.0,0.0,20260621_211759,76.46,10.26,23.91,2026-06-21,21,Sunday,13.33,Moderate,High,Cloudy,2026-06-21 21:19:41
115,Dindori,Nashik,Nashik,North Maharashtra,IN,20.2,73.88,2026-06-21 21:15:00,2026-06-21 00:25:00,2026-06-21 13:47:00,Clouds,overcast,804,24.4,27.2,23.4,33.3,84.0,1007.8,0.0,3.51,275.0,100.0,0.0,20260621_211759,75.92,12.64,23.53,2026-06-21,21,Sunday,13.37,Moderate,High,Cloudy,2026-06-21 21:19:41
114,Chandwad,Nashik,Nashik,North Maharashtra,IN,20.3333,74.25,2026-06-21 21:15:00,2026-06-21 00:23:00,2026-06-21 13:45:00,Clear,mainly clear,801,24.3,26.6,23.2,34.9,78.0,1007.8,0.0,3.27,264.0,22.0,0.0,20260621_211759,75.74,11.77,23.11,2026-06-21,21,Sunday,13.37,Moderate,High,Clear,2026-06-21 21:19:41
113,Baglan,Nashik,Nashik,North Maharashtra,IN,20.6,74.2,2026-06-21 21:15:00,2026-06-21 00:23:00,2026-06-21 13:46:00,Clear,clear sky,800,25.4,28.0,24.1,35.9,77.0,1007.3,0.0,3.34,257.0,13.0,0.0,20260621_211759,77.72,12.02,24.02,2026-06-21,21,Sunday,13.38,Moderate,High,Clear,2026-06-21 21:19:41
112,Shrirampur,Ahmednagar,Nashik,North Maharashtra,IN,19.6167,74.65,2026-06-21 21:15:00,2026-06-21 00:23:00,2026-06-21 13:42:00,Clear,clear sky,800,27.5,30.3,26.2,36.8,66.0,1007.0,0.0,2.51,283.0,3.0,0.0,20260621_211759,81.5,9.04,25.07,2026-06-21,21,Sunday,13.32,Moderate,Medium,Clear,2026-06-21 21:19:41
111,Shrigonda,Ahmednagar,Nashik,North Maharashtra,IN,18.616671,74.683327,2026-06-21 21:15:00,2026-06-21 00:25:00,2026-06-21 13:40:00,Clear,clear sky,800,26.6,30.2,25.7,36.1,74.0,1007.6,0.0,2.1,269.0,9.0,0.0,20260621_211759,79.88,7.56,24.87,2026-06-21,21,Sunday,13.25,Moderate,High,Clear,2026-06-21 21:19:41
110,Shevgaon,Ahmednagar,Nashik,North Maharashtra,IN,19.35,75.2333,2026-06-21 21:15:00,2026-06-21 00:22:00,2026-06-21 13:39:00,Clear,clear sky,800,28.8,31.1,27.4,37.4,60.0,1006.8,0.0,3.18,277.0,9.0,0.0,20260621_211759,83.84,11.45,25.65,2026-06-21,21,Sunday,13.28,Moderate,Medium,Clear,2026-06-21 21:19:41
109,Sangamner,Ahmednagar,Nashik,North Maharashtra,IN,19.566669,74.216667,2026-06-21 21:15:00,2026-06-21 00:25:00,2026-06-21 13:44:00,Clear,clear sky,800,25.2,28.4,24.7,35.7,80.0,1007.6,0.0,2.66,258.0,3.0,0.0,20260621_211759,77.36,9.58,24.02,2026-06-21,21,Sunday,13.32,Moderate,High,Clear,2026-06-21 21:19:41
108,Rahuri,Ahmednagar,Nashik,North Maharashtra,IN,19.383329,74.650002,2026-06-21 21:15:00,2026-06-21 00:24:00,2026-06-21 13:42:00,Clear,clear sky,800,27.3,30.5,26.0,37.0,67.0,1007.2,0.0,1.86,264.0,7.0,0.0,20260621_211759,81.14,6.7,24.98,2026-06-21,21,Sunday,13.3,Moderate,Medium,Clear,2026-06-21 21:19:41
107,Pathardi,Ahmednagar,Nashik,North Maharashtra,IN,19.16667,75.183327,2026-06-21 21:15:00,2026-06-21 00:22:00,2026-06-21 13:39:00,Clear,clear sky,800,27.9,30.7,26.3,36.9,63.0,1007.2,0.0,2.14,249.0,8.0,0.0,20260621_211759,82.22,7.7,25.17,2026-06-21,21,Sunday,13.28,Moderate,Medium,Clear,2026-06-21 21:19:41
106,Parner,Ahmednagar,Nashik,North Maharashtra,IN,19.0,74.4333,2026-06-21 21:15:00,2026-06-21 00:25:00,2026-06-21 13:42:00,Clear,clear sky,800,23.7,27.1,22.7,32.4,87.0,1008.6,0.0,2.21,237.0,8.0,0.0,20260621_211759,74.66,7.96,23.04,2026-06-21,21,Sunday,13.28,Moderate,High,Clear,2026-06-21 21:19:41
105,Nagar,Ahmednagar,Nashik,North Maharashtra,IN,19.0833,74.7333,2026-06-21 21:15:00,2026-06-21 00:24:00,2026-06-21 13:41:00,Clear,clear sky,800,25.9,29.5,24.5,35.1,74.0,1007.9,0.0,1.37,237.0,9.0,0.0,20260621_211759,78.62,4.93,24.27,2026-06-21,21,Sunday,13.28,Moderate,High,Clear,2026-06-21 21:19:41
104,Kopargaon,Ahmednagar,Nashik,North Maharashtra,IN,19.883329,74.48333,2026-06-21 21:15:00,2026-06-21 00:23:00,2026-06-21 13:43:00,Clear,clear sky,800,26.5,29.1,25.4,35.5,73.0,1007.1,0.0,3.41,284.0,13.0,0.0,20260621_211759,79.7,12.28,24.72,2026-06-21,21,Sunday,13.33,Moderate,High,Clear,2026-06-21 21:19:41
103,Karjat,Ahmednagar,Nashik,North Maharashtra,IN,18.91667,73.333328,2026-06-21 21:15:00,2026-06-21 00:30:00,2026-06-21 13:46:00,Clear,clear sky,800,27.5,32.5,26.7,34.0,80.0,1006.8,0.0,1.8,214.0,9.0,0.0,20260621_211759,81.5,6.48,26.07,2026-06-21,21,Sunday,13.27,Moderate,High,Clear,2026-06-21 21:19:41
102,Ahmednagar,Ahmednagar,Nashik,North Maharashtra,IN,19.08333,74.73333,2026-06-21 21:15:00,2026-06-21 00:24:00,2026-06-21 13:41:00,Clear,clear sky,800,25.9,29.5,24.5,35.1,74.0,1007.9,0.0,1.37,237.0,9.0,0.0,20260621_211759,78.62,4.93,24.27,2026-06-21,21,Sunday,13.28,Moderate,High,Clear,2026-06-21 21:19:41
101,Purna,Parbhani,Aurangabad,Marathwada,IN,19.183331,77.050003,2026-06-21 21:15:00,2026-06-21 00:15:00,2026-06-21 13:32:00,Clear,clear sky,800,29.0,33.3,26.7,38.0,66.0,1005.7,0.0,1.23,153.0,11.0,0.0,20260621_211759,84.2,4.43,26.29,2026-06-21,21,Sunday,13.28,Moderate,Medium,Clear,2026-06-21 21:19:41
100,Pathri,Parbhani,Aurangabad,Marathwada,IN,19.25,76.449997,2026-06-21 21:15:00,2026-06-21 00:17:00,2026-06-21 13:34:00,Clear,clear sky,800,30.9,32.7,29.0,37.0,50.0,1005.6,0.0,3.1,232.0,15.0,0.0,20260621_211759,87.62,11.16,26.39,2026-06-21,21,Sunday,13.28,Hot,Medium,Clear,2026-06-21 21:19:41
99,Parbhani,Parbhani,Aurangabad,Marathwada,IN,19.26667,76.783333,2026-06-21 21:15:00,2026-06-21 00:15:00,2026-06-21 13:33:00,Clear,clear sky,800,31.3,32.8,30.0,38.4,46.0,1005.4,0.0,2.86,207.0,8.0,0.0,20260621_211759,88.34,10.3,26.31,2026-06-21,21,Sunday,13.3,Hot,Medium,Clear,2026-06-21 21:19:41
98,Palam,Parbhani,Aurangabad,Marathwada,IN,19.0167,76.8167,2026-06-21 21:15:00,2026-06-21 00:16:00,2026-06-21 13:32:00,Clear,clear sky,800,30.7,32.9,29.6,37.1,52.0,1005.5,0.0,2.74,211.0,15.0,0.0,20260621_211759,87.26,9.86,26.42,2026-06-21,21,Sunday,13.27,Hot,Medium,Clear,2026-06-21 21:19:41
97,Manwath,Parbhani,Aurangabad,Marathwada,IN,19.299999,76.5,2026-06-21 21:15:00,2026-06-21 00:17:00,2026-06-21 13:34:00,Clear,clear sky,800,30.8,32.5,29.1,37.5,49.0,1005.5,0.0,3.12,238.0,9.0,0.0,20260621_211759,87.44,11.23,26.23,2026-06-21,21,Sunday,13.28,Hot,Medium,Clear,2026-06-21 21:19:41
96,Jintur,Parbhani,Aurangabad,Marathwada,IN,19.616671,76.699997,2026-06-21 21:15:00,2026-06-21 00:15:00,2026-06-21 13:34:00,Clear,clear sky,800,31.0,32.1,29.4,38.4,46.0,1005.5,0.0,3.27,219.0,12.0,0.0,20260621_211759,87.8,11.77,26.1,2026-06-21,21,Sunday,13.32,Hot,Medium,Clear,2026-06-21 21:19:41
95,Gangakhed,Parbhani,Aurangabad,Marathwada,IN,18.950001,76.75,2026-06-21 21:15:00,2026-06-21 00:16:00,2026-06-21 13:32:00,Clear,mainly clear,801,30.5,32.9,29.4,36.7,53.0,1005.7,0.0,2.63,213.0,22.0,0.0,20260621_211759,86.9,9.47,26.36,2026-06-21,21,Sunday,13.27,Hot,Medium,Clear,2026-06-21 21:19:41
94,Umri,Nanded,Aurangabad,Marathwada,IN,19.85,77.6,2026-06-21 21:15:00,2026-06-21 00:11:00,2026-06-21 13:31:00,Clear,clear sky,800,30.3,31.8,29.4,37.4,52.0,1005.2,0.0,3.75,223.0,16.0,0.0,20260621_211759,86.54,13.5,26.13,2026-06-21,21,Sunday,13.33,Hot,Medium,Clear,2026-06-21 21:19:41
93,Naigaon,Nanded,Aurangabad,Marathwada,IN,18.5,77.3667,2026-06-21 21:15:00,2026-06-21 00:14:00,2026-06-21 13:29:00,Clear,mainly clear,801,30.0,31.4,27.4,36.0,52.0,1006.1,0.0,3.68,233.0,21.0,0.0,20260621_211759,86.0,13.25,25.91,2026-06-21,21,Sunday,13.25,Moderate,Medium,Clear,2026-06-21 21:19:41
92,Mukhed,Nanded,Aurangabad,Marathwada,IN,18.7,77.37,2026-06-21 21:15:00,2026-06-21 00:14:00,2026-06-21 13:29:00,Clouds,partly cloudy,802,30.1,31.7,27.7,36.4,51.0,1006.1,0.0,3.44,230.0,51.0,0.0,20260621_211759,86.18,12.38,25.9,2026-06-21,21,Sunday,13.25,Hot,Medium,Cloudy,2026-06-21 21:19:41
91,Mudkhed,Nanded,Aurangabad,Marathwada,IN,19.16667,77.51667,2026-06-21 21:15:00,2026-06-21 00:13:00,2026-06-21 13:30:00,Clouds,overcast,804,28.2,32.6,28.0,37.6,74.0,1006.1,0.0,2.08,260.0,88.0,0.0,20260621_211759,82.76,7.49,26.24,2026-06-21,21,Sunday,13.28,Moderate,High,Cloudy,2026-06-21 21:19:41
90,Mahur,Nanded,Aurangabad,Marathwada,IN,19.85,77.9333,2026-06-21 21:15:00,2026-06-21 00:09:00,2026-06-21 13:29:00,Clear,clear sky,800,31.2,33.7,29.6,38.4,53.0,1005.1,0.0,3.09,220.0,17.0,0.0,20260621_211759,88.16,11.12,26.88,2026-06-21,21,Sunday,13.33,Hot,Medium,Clear,2026-06-21 21:19:41
89,Kinwat,Nanded,Aurangabad,Marathwada,IN,19.633329,78.199997,2026-06-21 21:15:00,2026-06-21 00:09:00,2026-06-21 13:28:00,Clear,clear sky,800,28.9,32.3,27.5,36.8,65.0,1005.6,0.0,2.53,218.0,5.0,0.0,20260621_211759,84.02,9.11,26.13,2026-06-21,21,Sunday,13.32,Moderate,Medium,Clear,2026-06-21 21:19:41
88,Kandhar,Nanded,Aurangabad,Marathwada,IN,18.8667,77.2,2026-06-21 21:15:00,2026-06-21 00:14:00,2026-06-21 13:30:00,Clouds,overcast,804,30.5,32.4,29.1,36.0,50.0,1005.9,0.0,2.79,234.0,100.0,0.0,20260621_211759,86.9,10.04,26.1,2026-06-21,21,Sunday,13.27,Hot,Medium,Cloudy,2026-06-21 21:19:41
87,Himayatnagar,Nanded,Aurangabad,Marathwada,IN,19.5,77.9,2026-06-21 21:15:00,2026-06-21 00:10:00,2026-06-21 13:29:00,Clear,mainly clear,801,30.0,32.6,25.9,37.6,59.0,1005.7,0.0,3.33,229.0,32.0,0.0,20260621_211759,86.0,11.99,26.5,2026-06-21,21,Sunday,13.32,Moderate,Medium,Clear,2026-06-21 21:19:41
86,Hadgaon,Nanded,Aurangabad,Marathwada,IN,19.5,77.666672,2026-06-21 21:15:00,2026-06-21 00:11:00,2026-06-21 13:30:00,Clear,clear sky,800,29.8,30.8,26.1,37.5,54.0,1005.8,0.0,4.91,218.0,10.0,0.0,20260621_211759,85.64,17.68,25.93,2026-06-21,21,Sunday,13.32,Moderate,Medium,Clear,2026-06-21 21:19:41
85,Dharmabad,Nanded,Aurangabad,Marathwada,IN,18.9,77.849998,2026-06-21 21:15:00,2026-06-21 00:12:00,2026-06-21 13:28:00,Clouds,partly cloudy,802,30.3,33.4,27.4,37.7,62.0,1005.8,0.0,3.51,221.0,50.0,0.0,20260621_211759,86.54,12.64,27.0,2026-06-21,21,Sunday,13.27,Hot,Medium,Cloudy,2026-06-21 21:19:41
84,Biloli,Nanded,Aurangabad,Marathwada,IN,18.76667,77.73333,2026-06-21 21:15:00,2026-06-21 00:13:00,2026-06-21 13:28:00,Clear,mainly clear,801,30.5,32.6,26.7,36.8,55.0,1005.7,0.0,3.8,219.0,47.0,0.0,20260621_211759,86.9,13.68,26.54,2026-06-21,21,Sunday,13.25,Hot,Medium,Clear,2026-06-21 21:19:41
83,Udgir,Latur,Aurangabad,Marathwada,IN,18.383329,77.116669,2026-06-21 21:15:00,2026-06-21 00:16:00,2026-06-21 13:30:00,Clear,clear sky,800,28.6,29.8,26.9,35.6,58.0,1006.8,0.0,4.56,227.0,8.0,0.0,20260621_211759,83.48,16.42,25.34,2026-06-21,21,Sunday,13.23,Moderate,Medium,Clear,2026-06-21 21:19:41
82,Renapur,Latur,Aurangabad,Marathwada,IN,18.5167,76.6,2026-06-21 21:15:00,2026-06-21 00:18:00,2026-06-21 13:32:00,Clear,clear sky,800,28.7,30.1,27.2,35.3,57.0,1006.9,0.0,3.92,232.0,2.0,0.0,20260621_211759,83.66,14.11,25.34,2026-06-21,21,Sunday,13.23,Moderate,Medium,Clear,2026-06-21 21:19:41
81,Nilanga,Latur,Aurangabad,Marathwada,IN,18.1,76.76667,2026-06-21 21:15:00,2026-06-21 00:18:00,2026-06-21 13:31:00,Clear,clear sky,800,28.2,29.7,26.5,35.3,61.0,1007.2,0.0,4.33,231.0,5.0,0.0,20260621_211759,82.76,15.59,25.26,2026-06-21,21,Sunday,13.22,Moderate,Medium,Clear,2026-06-21 21:19:41
80,Latur,Latur,Aurangabad,Marathwada,IN,18.4,76.583328,2026-06-21 21:15:00,2026-06-21 00:18:00,2026-06-21 13:32:00,Clear,clear sky,800,28.5,30.0,27.0,35.8,59.0,1007.0,0.0,4.15,230.0,3.0,0.0,20260621_211759,83.3,14.94,25.34,2026-06-21,21,Sunday,13.23,Moderate,Medium,Clear,2026-06-21 21:19:41
79,Ausa,Latur,Aurangabad,Marathwada,IN,18.25,76.5,2026-06-21 21:15:00,2026-06-21 00:19:00,2026-06-21 13:32:00,Clear,clear sky,800,28.0,29.4,26.4,35.7,61.0,1007.3,0.0,4.4,231.0,5.0,0.0,20260621_211759,82.4,15.84,25.1,2026-06-21,21,Sunday,13.22,Moderate,Medium,Clear,2026-06-21 21:19:41
78,Ahmedpur,Latur,Aurangabad,Marathwada,IN,18.7167,76.9333,2026-06-21 21:15:00,2026-06-21 00:16:00,2026-06-21 13:31:00,Clear,mainly clear,801,29.9,31.7,27.9,35.9,52.0,1006.3,0.0,3.03,239.0,27.0,0.0,20260621_211759,85.82,10.91,25.83,2026-06-21,21,Sunday,13.25,Moderate,Medium,Clear,2026-06-21 21:19:41
77,Partur,Jalna,Aurangabad,Marathwada,IN,19.6,76.216667,2026-06-21 21:15:00,2026-06-21 00:17:00,2026-06-21 13:36:00,Clear,clear sky,800,31.8,33.1,29.1,38.7,47.0,1005.6,0.0,4.11,265.0,10.0,0.0,20260621_211759,89.24,14.8,26.76,2026-06-21,21,Sunday,13.32,Hot,Medium,Clear,2026-06-21 21:19:41
76,Mantha,Jalna,Aurangabad,Marathwada,IN,19.65,76.3833,2026-06-21 21:15:00,2026-06-21 00:16:00,2026-06-21 13:35:00,Clear,mainly clear,801,31.7,33.1,29.1,38.5,46.0,1005.4,0.0,3.5,248.0,21.0,0.0,20260621_211759,89.06,12.6,26.59,2026-06-21,21,Sunday,13.32,Hot,Medium,Clear,2026-06-21 21:19:41
75,Jalna,Jalna,Aurangabad,Marathwada,IN,19.83333,75.883331,2026-06-21 21:15:00,2026-06-21 00:18:00,2026-06-21 13:38:00,Clear,mainly clear,801,30.3,31.6,27.9,38.1,51.0,1006.1,0.0,3.72,294.0,26.0,0.0,20260621_211759,86.54,13.39,26.04,2026-06-21,21,Sunday,13.33,Hot,Medium,Clear,2026-06-21 21:19:41
74,Badnapur,Jalna,Aurangabad,Marathwada,IN,19.8667,75.7333,2026-06-21 21:15:00,2026-06-21 00:18:00,2026-06-21 13:38:00,Clear,mainly clear,801,30.0,31.9,27.6,38.1,53.0,1006.2,0.0,2.95,294.0,20.0,0.0,20260621_211759,86.0,10.62,25.99,2026-06-21,21,Sunday,13.33,Moderate,Medium,Clear,2026-06-21 21:19:41
73,Ambad,Jalna,Aurangabad,Marathwada,IN,19.616671,75.800003,2026-06-21 21:15:00,2026-06-21 00:19:00,2026-06-21 13:38:00,Clear,mainly clear,801,30.2,31.9,27.9,36.6,54.0,1006.2,0.0,3.78,281.0,35.0,0.0,20260621_211759,86.36,13.61,26.23,2026-06-21,21,Sunday,13.32,Hot,Medium,Clear,2026-06-21 21:19:41
72,Sengaon,Hingoli,Aurangabad,Marathwada,IN,19.8,77.3667,2026-06-21 21:15:00,2026-06-21 00:12:00,2026-06-21 13:32:00,Clear,clear sky,800,28.8,30.7,28.4,36.4,58.0,1005.9,0.0,3.38,209.0,9.0,0.0,20260621_211759,83.84,12.17,25.5,2026-06-21,21,Sunday,13.33,Moderate,Medium,Clear,2026-06-21 21:19:41
71,Kalamnuri,Hingoli,Aurangabad,Marathwada,IN,19.66667,77.333328,2026-06-21 21:15:00,2026-06-21 00:12:00,2026-06-21 13:31:00,Clear,clear sky,800,29.1,30.2,28.1,36.8,56.0,1005.8,0.0,4.43,200.0,2.0,0.0,20260621_211759,84.38,15.95,25.57,2026-06-21,21,Sunday,13.32,Moderate,Medium,Clear,2026-06-21 21:19:41
70,Hingoli,Hingoli,Aurangabad,Marathwada,IN,19.716669,77.150002,2026-06-21 21:15:00,2026-06-21 00:13:00,2026-06-21 13:32:00,Clear,clear sky,800,29.3,31.1,28.8,37.8,55.0,1005.8,0.0,3.24,193.0,4.0,0.0,20260621_211759,84.74,11.66,25.64,2026-06-21,21,Sunday,13.32,Moderate,Medium,Clear,2026-06-21 21:19:41
69,Basmath,Hingoli,Aurangabad,Marathwada,IN,19.316669,77.166672,2026-06-21 21:15:00,2026-06-21 00:14:00,2026-06-21 13:31:00,Clear,mainly clear,801,27.8,31.0,26.4,38.4,69.0,1005.7,0.0,2.78,162.0,21.0,0.0,20260621_211759,82.04,10.01,25.53,2026-06-21,21,Sunday,13.28,Moderate,Medium,Clear,2026-06-21 21:19:41
68,Washi,Dharashiv,Aurangabad,Marathwada,IN,18.95,75.9333,2026-06-21 21:15:00,2026-06-21 00:20:00,2026-06-21 13:36:00,Clear,clear sky,800,28.5,30.9,26.7,36.1,60.0,1006.7,0.0,2.74,239.0,4.0,0.0,20260621_211759,83.3,9.86,25.42,2026-06-21,21,Sunday,13.27,Moderate,Medium,Clear,2026-06-21 21:19:41
67,Umarga,Dharashiv,Aurangabad,Marathwada,IN,17.83333,76.616669,2026-06-21 21:15:00,2026-06-21 00:19:00,2026-06-21 13:31:00,Clear,clear sky,800,28.1,29.9,26.4,35.4,64.0,1007.4,0.0,4.55,240.0,3.0,0.0,20260621_211759,82.58,16.38,25.41,2026-06-21,21,Sunday,13.2,Moderate,Medium,Clear,2026-06-21 21:19:41
66,Tuljapur,Dharashiv,Aurangabad,Marathwada,IN,18.0,76.083328,2026-06-21 21:15:00,2026-06-21 00:21:00,2026-06-21 13:33:00,Clear,clear sky,800,27.5,30.1,25.5,35.1,66.0,1007.6,0.0,2.98,241.0,8.0,0.0,20260621_211759,81.5,10.73,25.07,2026-06-21,21,Sunday,13.2,Moderate,Medium,Clear,2026-06-21 21:19:41
65,Paranda,Dharashiv,Aurangabad,Marathwada,IN,18.6833,75.4667,2026-06-21 21:15:00,2026-06-21 00:22:00,2026-06-21 13:37:00,Clear,clear sky,800,27.1,29.8,25.4,35.9,70.0,1007.6,0.0,3.15,268.0,7.0,0.0,20260621_211759,80.78,11.34,25.02,2026-06-21,21,Sunday,13.25,Moderate,Medium,Clear,2026-06-21 21:19:41
64,Kalamb,Dharashiv,Aurangabad,Marathwada,IN,18.5667,76.0167,2026-06-21 21:15:00,2026-06-21 00:20:00,2026-06-21 13:34:00,Clear,clear sky,800,28.5,30.2,26.4,36.1,56.0,1007.2,0.0,3.02,243.0,1.0,0.0,20260621_211759,83.3,10.87,25.11,2026-06-21,21,Sunday,13.23,Moderate,Medium,Clear,2026-06-21 21:19:41
63,Bhum,Dharashiv,Aurangabad,Marathwada,IN,18.466669,75.666672,2026-06-21 21:15:00,2026-06-21 00:22:00,2026-06-21 13:36:00,Clear,clear sky,800,27.9,30.3,26.3,35.9,65.0,1007.5,0.0,3.47,263.0,11.0,0.0,20260621_211759,82.22,12.49,25.32,2026-06-21,21,Sunday,13.23,Moderate,Medium,Clear,2026-06-21 21:19:41
62,Parli,Beed,Aurangabad,Marathwada,IN,18.8512,76.5356,2026-06-21 21:15:00,2026-06-21 00:17:00,2026-06-21 13:33:00,Clear,mainly clear,801,30.2,31.9,28.6,35.9,52.0,1005.9,0.0,3.28,211.0,26.0,0.0,20260621_211759,86.36,11.81,26.06,2026-06-21,21,Sunday,13.27,Hot,Medium,Clear,2026-06-21 21:19:41
61,Majalgaon,Beed,Aurangabad,Marathwada,IN,19.15,76.23333,2026-06-21 21:15:00,2026-06-21 00:18:00,2026-06-21 13:35:00,Clear,mainly clear,801,30.6,33.4,28.6,36.5,55.0,1005.7,0.0,2.48,228.0,30.0,0.0,20260621_211759,87.08,8.93,26.62,2026-06-21,21,Sunday,13.28,Hot,Medium,Clear,2026-06-21 21:19:41
60,Dharur,Beed,Aurangabad,Marathwada,IN,18.816669,76.116669,2026-06-21 21:15:00,2026-06-21 00:19:00,2026-06-21 13:35:00,Clear,clear sky,800,27.6,29.6,25.9,35.9,61.0,1007.2,0.0,2.97,234.0,11.0,0.0,20260621_211759,81.68,10.69,24.79,2026-06-21,21,Sunday,13.27,Moderate,Medium,Clear,2026-06-21 21:19:41
59,Ashti,Beed,Aurangabad,Marathwada,IN,18.85,75.95,2026-06-21 21:15:00,2026-06-21 00:20:00,2026-06-21 13:36:00,Clear,clear sky,800,27.5,29.8,25.7,35.0,63.0,1007.2,0.0,2.78,232.0,1.0,0.0,20260621_211759,81.5,10.01,24.85,2026-06-21,21,Sunday,13.27,Moderate,Medium,Clear,2026-06-21 21:19:41
58,Ambajogai,Beed,Aurangabad,Marathwada,IN,18.73333,76.383331,2026-06-21 21:15:00,2026-06-21 00:18:00,2026-06-21 13:33:00,Clear,mainly clear,801,28.8,30.3,26.8,35.8,54.0,1006.8,0.0,3.08,224.0,23.0,0.0,20260621_211759,83.84,11.09,25.18,2026-06-21,21,Sunday,13.25,Moderate,Medium,Clear,2026-06-21 21:19:41
57,Vaijapur,Aurangabad,Aurangabad,Marathwada,IN,19.91667,74.73333,2026-06-21 21:15:00,2026-06-21 00:22:00,2026-06-21 13:42:00,Clear,clear sky,800,26.9,29.2,25.5,35.9,69.0,1007.1,0.0,3.68,282.0,7.0,0.0,20260621_211759,80.42,13.25,24.79,2026-06-21,21,Sunday,13.33,Moderate,Medium,Clear,2026-06-21 21:19:41
56,Soegaon,Aurangabad,Aurangabad,Marathwada,IN,20.6,75.6167,2026-06-21 21:15:00,2026-06-21 00:17:00,2026-06-21 13:40:00,Clear,mainly clear,801,31.1,32.8,28.5,38.0,50.0,1005.5,0.0,3.67,294.0,22.0,0.0,20260621_211759,87.98,13.21,26.54,2026-06-21,21,Sunday,13.38,Hot,Medium,Clear,2026-06-21 21:19:41
55,Sillod,Aurangabad,Aurangabad,Marathwada,IN,20.299999,75.650002,2026-06-21 21:15:00,2026-06-21 00:18:00,2026-06-21 13:40:00,Clear,clear sky,800,28.7,30.5,26.7,37.5,58.0,1006.6,0.0,3.54,299.0,13.0,0.0,20260621_211759,83.66,12.74,25.42,2026-06-21,21,Sunday,13.37,Moderate,Medium,Clear,2026-06-21 21:19:41
54,Paithan,Aurangabad,Aurangabad,Marathwada,IN,19.48333,75.383331,2026-06-21 21:15:00,2026-06-21 00:21:00,2026-06-21 13:39:00,Clear,clear sky,800,29.2,31.7,27.5,36.3,61.0,1006.4,0.0,3.44,279.0,0.0,0.0,20260621_211759,84.56,12.38,26.05,2026-06-21,21,Sunday,13.3,Moderate,Medium,Clear,2026-06-21 21:19:41
53,Khuldabad,Aurangabad,Aurangabad,Marathwada,IN,20.049999,75.183327,2026-06-21 21:15:00,2026-06-21 00:20:00,2026-06-21 13:41:00,Clear,mainly clear,801,27.2,29.3,25.1,35.7,64.0,1007.3,0.0,2.98,293.0,22.0,0.0,20260621_211759,80.96,10.73,24.69,2026-06-21,21,Sunday,13.35,Moderate,Medium,Clear,2026-06-21 21:19:41
52,Kannad,Aurangabad,Aurangabad,Marathwada,IN,20.26667,75.133331,2026-06-21 21:15:00,2026-06-21 00:20:00,2026-06-21 13:42:00,Clear,clear sky,800,27.1,29.6,25.6,35.9,65.0,1007.3,0.0,2.61,275.0,10.0,0.0,20260621_211759,80.78,9.4,24.67,2026-06-21,21,Sunday,13.37,Moderate,Medium,Clear,2026-06-21 21:19:41
51,Gangapur,Aurangabad,Aurangabad,Marathwada,IN,19.7,75.0167,2026-06-21 21:15:00,2026-06-21 00:21:00,2026-06-21 13:41:00,Clear,clear sky,800,28.4,30.7,26.8,37.7,63.0,1006.7,0.0,3.44,296.0,10.0,0.0,20260621_211759,83.12,12.38,25.57,2026-06-21,21,Sunday,13.33,Moderate,Medium,Clear,2026-06-21 21:19:41
50,Aurangabad,Aurangabad,Aurangabad,Marathwada,IN,19.8833,75.3167,2026-06-21 21:15:00,2026-06-21 00:20:00,2026-06-21 13:40:00,Clear,mainly clear,801,28.5,30.6,26.3,36.7,59.0,1006.8,0.0,3.08,283.0,22.0,0.0,20260621_211759,83.3,11.09,25.34,2026-06-21,21,Sunday,13.33,Moderate,Medium,Clear,2026-06-21 21:19:41
49,Ulhasnagar,Thane,Konkan,Konkan,IN,19.216669,73.150002,2026-06-21 21:15:00,2026-06-21 00:30:00,2026-06-21 13:47:00,Thunderstorm,thunderstorm,211,29.2,34.2,26.5,36.0,73.0,1006.1,0.0,1.79,216.0,23.0,0.1,20260621_211759,84.56,6.44,27.02,2026-06-21,21,Sunday,13.28,Moderate,High,Storm,2026-06-21 21:19:41
48,Thane,Thane,Konkan,Konkan,IN,19.200001,72.966667,2026-06-21 21:15:00,2026-06-21 00:31:00,2026-06-21 13:48:00,Thunderstorm,thunderstorm with slight hail,230,26.8,31.7,25.8,35.1,88.0,1006.6,0.0,2.7,219.0,72.0,0.2,20260621_211759,80.24,9.72,25.99,2026-06-21,21,Sunday,13.28,Moderate,High,Storm,2026-06-21 21:19:41
47,Shahapur,Thane,Konkan,Konkan,IN,19.450001,73.333328,2026-06-21 21:15:00,2026-06-21 00:29:00,2026-06-21 13:47:00,Thunderstorm,thunderstorm with slight hail,230,27.8,33.1,25.1,35.8,80.0,1006.5,0.0,1.55,201.0,88.0,0.0,20260621_211759,82.04,5.58,26.34,2026-06-21,21,Sunday,13.3,Moderate,High,Storm,2026-06-21 21:19:41
46,Murbad,Thane,Konkan,Konkan,IN,19.25,73.400002,2026-06-21 21:15:00,2026-06-21 00:29:00,2026-06-21 13:46:00,Clouds,partly cloudy,802,28.1,33.1,27.1,35.9,79.0,1006.5,0.0,2.24,190.0,56.0,0.0,20260621_211759,82.58,8.06,26.53,2026-06-21,21,Sunday,13.28,Moderate,High,Cloudy,2026-06-21 21:19:41
45,Kalyan,Thane,Konkan,Konkan,IN,19.25,73.150002,2026-06-21 21:15:00,2026-06-21 00:30:00,2026-06-21 13:47:00,Thunderstorm,thunderstorm,211,29.2,34.2,26.5,36.0,73.0,1006.1,0.0,1.79,216.0,23.0,0.1,20260621_211759,84.56,6.44,27.02,2026-06-21,21,Sunday,13.28,Moderate,High,Storm,2026-06-21 21:19:41
44,Bhiwandi,Thane,Konkan,Konkan,IN,19.299999,73.066673,2026-06-21 21:15:00,2026-06-21 00:30:00,2026-06-21 13:48:00,Thunderstorm,thunderstorm,211,28.4,33.2,25.9,35.7,77.0,1006.1,0.0,2.23,224.0,51.0,0.2,20260621_211759,83.12,8.03,26.64,2026-06-21,21,Sunday,13.3,Moderate,High,Storm,2026-06-21 21:19:41
43,Ambarnath,Thane,Konkan,Konkan,IN,19.200001,73.166672,2026-06-21 21:15:00,2026-06-21 00:30:00,2026-06-21 13:47:00,Thunderstorm,thunderstorm,211,29.2,34.2,26.5,36.0,73.0,1006.1,0.0,1.79,216.0,23.0,0.1,20260621_211759,84.56,6.44,27.02,2026-06-21,21,Sunday,13.28,Moderate,High,Storm,2026-06-21 21:19:41
42,Vengurla,Sindhudurg,Konkan,Konkan,IN,15.86667,73.633331,2026-06-21 21:15:00,2026-06-21 00:34:00,2026-06-21 13:39:00,Drizzle,dense drizzle,302,25.0,30.4,24.7,31.7,99.0,1007.8,0.0,2.41,159.0,100.0,0.2,20260621_211759,77.0,8.68,24.94,2026-06-21,21,Sunday,13.08,Moderate,High,Rainy,2026-06-21 21:19:41
41,Kudal,Sindhudurg,Konkan,Konkan,IN,16.033331,73.683327,2026-06-21 21:15:00,2026-06-21 00:34:00,2026-06-21 13:39:00,Thunderstorm,thunderstorm with slight hail,230,24.3,29.0,23.7,30.7,99.0,1007.7,0.0,2.72,144.0,87.0,0.2,20260621_211759,75.74,9.79,24.25,2026-06-21,21,Sunday,13.08,Moderate,High,Storm,2026-06-21 21:19:41
40,Kankavli,Sindhudurg,Konkan,Konkan,IN,16.26667,73.699997,2026-06-21 21:15:00,2026-06-21 00:34:00,2026-06-21 13:39:00,Thunderstorm,thunderstorm with slight hail,230,25.1,29.9,24.3,32.0,96.0,1007.6,0.0,2.95,180.0,92.0,0.3,20260621_211759,77.18,10.62,24.87,2026-06-21,21,Sunday,13.08,Moderate,High,Storm,2026-06-21 21:19:41
39,Ratnagiri,Ratnagiri,Konkan,Konkan,IN,16.98333,73.300003,2026-06-21 21:15:00,2026-06-21 00:34:00,2026-06-21 13:42:00,Thunderstorm,thunderstorm,211,26.0,31.3,25.3,31.7,96.0,1007.2,0.0,3.12,164.0,79.0,0.2,20260621_211759,78.8,11.23,25.75,2026-06-21,21,Sunday,13.13,Moderate,High,Storm,2026-06-21 21:19:41
38,Rajapur,Ratnagiri,Konkan,Konkan,IN,16.65,73.5167,2026-06-21 21:15:00,2026-06-21 00:34:00,2026-06-21 13:41:00,Thunderstorm,thunderstorm with slight hail,230,25.0,30.0,24.5,32.7,96.0,1007.8,0.0,2.66,164.0,100.0,0.3,20260621_211759,77.0,9.58,24.77,2026-06-21,21,Sunday,13.12,Moderate,High,Storm,2026-06-21 21:19:41
37,Lanja,Ratnagiri,Konkan,Konkan,IN,16.85,73.550003,2026-06-21 21:15:00,2026-06-21 00:33:00,2026-06-21 13:41:00,Drizzle,dense drizzle,302,25.3,29.7,23.9,32.3,93.0,1007.6,0.0,3.3,181.0,93.0,0.1,20260621_211759,77.54,11.88,24.88,2026-06-21,21,Sunday,13.13,Moderate,High,Rainy,2026-06-21 21:19:41
36,Khed,Ratnagiri,Konkan,Konkan,IN,17.72,73.38,2026-06-21 21:15:00,2026-06-21 00:32:00,2026-06-21 13:43:00,Thunderstorm,thunderstorm with slight hail,230,25.1,30.3,24.2,32.9,97.0,1007.3,0.0,2.24,129.0,55.0,0.1,20260621_211759,77.18,8.06,24.93,2026-06-21,21,Sunday,13.18,Moderate,High,Storm,2026-06-21 21:19:41
35,Guhagar,Ratnagiri,Konkan,Konkan,IN,17.48415,73.192886,2026-06-21 21:15:00,2026-06-21 00:33:00,2026-06-21 13:44:00,Thunderstorm,thunderstorm with slight hail,230,25.7,30.5,25.0,31.4,96.0,1007.0,0.0,3.7,161.0,59.0,0.0,20260621_211759,78.26,13.32,25.45,2026-06-21,21,Sunday,13.18,Moderate,High,Storm,2026-06-21 21:19:41
34,Chiplun,Ratnagiri,Konkan,Konkan,IN,17.533331,73.51667,2026-06-21 21:15:00,2026-06-21 00:32:00,2026-06-21 13:43:00,Drizzle,moderate drizzle,301,25.7,31.5,24.8,32.9,95.0,1007.0,0.0,1.74,198.0,96.0,0.1,20260621_211759,78.26,6.26,25.39,2026-06-21,21,Sunday,13.18,Moderate,High,Rainy,2026-06-21 21:19:41
33,Uran,Raigad,Konkan,Konkan,IN,18.87694,72.93972,2026-06-21 21:15:00,2026-06-21 00:31:00,2026-06-21 13:47:00,Drizzle,light drizzle,300,26.2,31.3,25.0,33.2,95.0,1006.7,0.0,3.48,215.0,55.0,0.1,20260621_211759,79.16,12.53,25.88,2026-06-21,21,Sunday,13.27,Moderate,High,Rainy,2026-06-21 21:19:41
32,Tala,Raigad,Konkan,Konkan,IN,18.2833,73.05,2026-06-21 21:15:00,2026-06-21 00:32:00,2026-06-21 13:46:00,Drizzle,moderate drizzle,301,26.1,32.3,25.5,34.6,96.0,1007.2,0.0,1.52,207.0,67.0,0.1,20260621_211759,78.98,5.47,25.84,2026-06-21,21,Sunday,13.23,Moderate,High,Rainy,2026-06-21 21:19:41
31,Shrivardhan,Raigad,Konkan,Konkan,IN,18.033331,73.01667,2026-06-21 21:15:00,2026-06-21 00:33:00,2026-06-21 13:45:00,Thunderstorm,thunderstorm with slight hail,230,25.8,30.7,25.3,32.0,94.0,1006.8,0.0,3.1,179.0,56.0,0.2,20260621_211759,78.44,11.16,25.43,2026-06-21,21,Sunday,13.2,Moderate,High,Storm,2026-06-21 21:19:41
30,Roha,Raigad,Konkan,Konkan,IN,18.4333,73.1167,2026-06-21 21:15:00,2026-06-21 00:32:00,2026-06-21 13:46:00,Drizzle,dense drizzle,302,26.0,32.3,25.0,34.3,97.0,1007.2,0.0,1.31,230.0,59.0,0.2,20260621_211759,78.8,4.72,25.81,2026-06-21,21,Sunday,13.23,Moderate,High,Rainy,2026-06-21 21:19:41
29,Pen,Raigad,Konkan,Konkan,IN,18.75,73.083328,2026-06-21 21:15:00,2026-06-21 00:31:00,2026-06-21 13:46:00,Drizzle,light drizzle,300,25.4,30.8,24.6,33.2,98.0,1006.9,0.0,2.55,208.0,38.0,0.1,20260621_211759,77.72,9.18,25.28,2026-06-21,21,Sunday,13.25,Moderate,High,Rainy,2026-06-21 21:19:41
28,Panvel,Raigad,Konkan,Konkan,IN,18.98333,73.099998,2026-06-21 21:15:00,2026-06-21 00:31:00,2026-06-21 13:47:00,Drizzle,light drizzle,300,27.1,32.1,25.8,34.5,88.0,1006.7,0.0,3.28,218.0,62.0,0.1,20260621_211759,80.78,11.81,26.27,2026-06-21,21,Sunday,13.27,Moderate,High,Rainy,2026-06-21 21:19:41
27,Murud,Raigad,Konkan,Konkan,IN,18.32583,72.964996,2026-06-21 21:15:00,2026-06-21 00:33:00,2026-06-21 13:47:00,Drizzle,dense drizzle,302,26.0,31.9,25.6,33.3,97.0,1007.0,0.0,2.06,186.0,88.0,0.2,20260621_211759,78.8,7.42,25.81,2026-06-21,21,Sunday,13.23,Moderate,High,Rainy,2026-06-21 21:19:41
26,Mhasala,Raigad,Konkan,Konkan,IN,18.133329,73.116669,2026-06-21 21:15:00,2026-06-21 00:32:00,2026-06-21 13:45:00,Thunderstorm,thunderstorm,211,25.5,30.9,24.6,32.2,97.0,1007.1,0.0,2.45,182.0,59.0,0.1,20260621_211759,77.9,8.82,25.32,2026-06-21,21,Sunday,13.22,Moderate,High,Storm,2026-06-21 21:19:41
25,Mangaon,Raigad,Konkan,Konkan,IN,18.1833,73.3333,2026-06-21 21:15:00,2026-06-21 00:31:00,2026-06-21 13:45:00,Drizzle,dense drizzle,302,25.4,31.0,24.5,34.4,96.0,1007.0,0.0,1.69,161.0,87.0,0.2,20260621_211759,77.72,6.08,25.16,2026-06-21,21,Sunday,13.23,Moderate,High,Rainy,2026-06-21 21:19:41
24,Mahad,Raigad,Konkan,Konkan,IN,18.08333,73.416672,2026-06-21 21:15:00,2026-06-21 00:31:00,2026-06-21 13:44:00,Thunderstorm,thunderstorm,211,26.9,33.7,25.3,35.3,92.0,1006.8,0.0,0.3,279.0,43.0,0.0,20260621_211759,80.42,1.08,26.35,2026-06-21,21,Sunday,13.22,Moderate,High,Storm,2026-06-21 21:19:41
23,Khalapur,Raigad,Konkan,Konkan,IN,18.8167,73.2667,2026-06-21 21:15:00,2026-06-21 00:30:00,2026-06-21 13:46:00,Clear,mainly clear,801,27.0,31.9,25.6,33.5,84.0,1006.9,0.0,2.12,225.0,44.0,0.0,20260621_211759,80.6,7.63,25.9,2026-06-21,21,Sunday,13.27,Moderate,High,Clear,2026-06-21 21:19:41
22,Karjat,Raigad,Konkan,Konkan,IN,18.91667,73.333328,2026-06-21 21:15:00,2026-06-21 00:30:00,2026-06-21 13:46:00,Clear,clear sky,800,27.5,32.5,26.7,34.0,80.0,1006.8,0.0,1.8,214.0,9.0,0.0,20260621_211759,81.5,6.48,26.07,2026-06-21,21,Sunday,13.27,Moderate,High,Clear,2026-06-21 21:19:41
21,Alibag,Raigad,Konkan,Konkan,IN,18.641109,72.879173,2026-06-21 21:15:00,2026-06-21 00:32:00,2026-06-21 13:47:00,Rain,slight rain showers,520,25.8,31.2,25.5,33.3,98.0,1006.7,0.0,2.9,182.0,28.0,0.2,20260621_211759,78.44,10.44,25.68,2026-06-21,21,Sunday,13.25,Moderate,High,Rainy,2026-06-21 21:19:41
20,Vasai,Palghar,Konkan,Konkan,IN,19.47,72.8,2026-06-21 21:15:00,2026-06-21 00:31:00,2026-06-21 13:49:00,Drizzle,moderate drizzle,301,27.3,31.6,26.3,34.0,87.0,1006.2,0.0,4.23,206.0,73.0,0.2,20260621_211759,81.14,15.23,26.38,2026-06-21,21,Sunday,13.3,Moderate,High,Rainy,2026-06-21 21:19:41
19,Vada,Palghar,Konkan,Konkan,IN,19.65,73.133331,2026-06-21 21:15:00,2026-06-21 00:29:00,2026-06-21 13:48:00,Thunderstorm,thunderstorm,211,28.7,33.5,24.9,36.2,74.0,1006.2,0.0,1.7,223.0,100.0,0.1,20260621_211759,83.66,6.12,26.67,2026-06-21,21,Sunday,13.32,Moderate,High,Storm,2026-06-21 21:19:41
18,Palghar,Palghar,Konkan,Konkan,IN,19.683331,72.75,2026-06-21 21:15:00,2026-06-21 00:31:00,2026-06-21 13:50:00,Drizzle,dense drizzle,302,29.1,33.9,26.4,33.6,75.0,1005.9,0.0,2.6,210.0,47.0,0.2,20260621_211759,84.38,9.36,27.09,2026-06-21,21,Sunday,13.32,Moderate,High,Rainy,2026-06-21 21:19:41
17,Jawhar,Palghar,Konkan,Konkan,IN,19.91667,73.23333,2026-06-21 21:15:00,2026-06-21 00:28:00,2026-06-21 13:48:00,Clouds,overcast,804,26.4,30.0,23.3,32.8,76.0,1007.0,0.0,2.19,235.0,97.0,0.0,20260621_211759,79.52,7.88,24.83,2026-06-21,21,Sunday,13.33,Moderate,High,Cloudy,2026-06-21 21:19:41
16,Dahanu,Palghar,Konkan,Konkan,IN,19.966669,72.73333,2026-06-21 21:15:00,2026-06-21 00:30:00,2026-06-21 13:51:00,Clear,mainly clear,801,30.1,34.4,27.3,33.7,67.0,1005.7,0.0,2.79,237.0,45.0,0.0,20260621_211759,86.18,10.04,27.27,2026-06-21,21,Sunday,13.35,Hot,Medium,Clear,2026-06-21 21:19:41
15,Shahada,Nandurbar,Nashik,Khandesh,IN,21.549999,74.466667,2026-06-21 21:15:00,2026-06-21 00:20:00,2026-06-21 13:47:00,Clear,mainly clear,801,29.0,32.5,28.1,38.2,74.0,1005.3,0.0,4.81,266.0,33.0,0.0,20260621_211759,84.2,17.32,26.93,2026-06-21,21,Sunday,13.45,Moderate,High,Clear,2026-06-21 21:19:41
14,Nandurbar,Nandurbar,Nashik,Khandesh,IN,21.366671,74.25,2026-06-21 21:15:00,2026-06-21 00:21:00,2026-06-21 13:47:00,Drizzle,light drizzle,300,27.2,30.4,26.1,35.8,80.0,1006.0,0.0,4.94,263.0,58.0,0.1,20260621_211759,80.96,17.78,25.8,2026-06-21,21,Sunday,13.43,Moderate,High,Rainy,2026-06-21 21:19:41
13,Dhadgaon,Nandurbar,Nashik,Khandesh,IN,21.5667,74.0,2026-06-21 21:15:00,2026-06-21 00:22:00,2026-06-21 13:49:00,Clear,mainly clear,801,27.7,32.1,27.0,36.3,81.0,1005.8,0.0,3.5,272.0,24.0,0.0,20260621_211759,81.86,12.6,26.32,2026-06-21,21,Sunday,13.45,Moderate,High,Clear,2026-06-21 21:19:41
12,Raver,Jalgaon,Nashik,Khandesh,IN,21.25,76.033333,2026-06-21 21:15:00,2026-06-21 00:14:00,2026-06-21 13:40:00,Clear,clear sky,800,30.9,33.3,28.5,37.9,49.0,1004.8,0.0,1.93,233.0,18.0,0.0,20260621_211759,87.62,6.95,26.3,2026-06-21,21,Sunday,13.43,Hot,Medium,Clear,2026-06-21 21:19:41
11,Parola,Jalgaon,Nashik,Khandesh,IN,20.883329,75.116669,2026-06-21 21:15:00,2026-06-21 00:19:00,2026-06-21 13:43:00,Clear,mainly clear,801,30.5,33.2,28.5,39.9,58.0,1005.5,0.0,3.47,293.0,33.0,0.0,20260621_211759,86.9,12.49,26.8,2026-06-21,21,Sunday,13.4,Hot,Medium,Clear,2026-06-21 21:19:41
10,Pachora,Jalgaon,Nashik,Khandesh,IN,20.66667,75.349998,2026-06-21 21:15:00,2026-06-21 00:18:00,2026-06-21 13:41:00,Clear,clear sky,800,31.8,34.2,29.4,39.5,52.0,1005.3,0.0,3.23,286.0,9.0,0.0,20260621_211759,89.24,11.63,27.23,2026-06-21,21,Sunday,13.38,Hot,Medium,Clear,2026-06-21 21:19:41
9,Jalgaon,Jalgaon,Nashik,Khandesh,IN,21.01667,75.566673,2026-06-21 21:15:00,2026-06-21 00:17:00,2026-06-21 13:41:00,Clear,clear sky,800,31.0,33.3,28.8,39.3,55.0,1005.3,0.0,3.9,293.0,13.0,0.0,20260621_211759,87.8,14.04,26.92,2026-06-21,21,Sunday,13.4,Hot,Medium,Clear,2026-06-21 21:19:41
8,Erandol,Jalgaon,Nashik,Khandesh,IN,20.91667,75.333328,2026-06-21 21:15:00,2026-06-21 00:18:00,2026-06-21 13:42:00,Clear,clear sky,800,30.9,33.3,28.8,39.9,57.0,1005.4,0.0,3.9,293.0,18.0,0.0,20260621_211759,87.62,14.04,27.02,2026-06-21,21,Sunday,13.4,Hot,Medium,Clear,2026-06-21 21:19:41
7,Dharangaon,Jalgaon,Nashik,Khandesh,IN,21.01667,75.26667,2026-06-21 21:15:00,2026-06-21 00:18:00,2026-06-21 13:42:00,Clear,mainly clear,801,30.7,33.3,28.7,39.7,58.0,1005.3,0.0,3.86,291.0,21.0,0.0,20260621_211759,87.26,13.9,26.96,2026-06-21,21,Sunday,13.4,Hot,Medium,Clear,2026-06-21 21:19:41
6,Chopda,Jalgaon,Nashik,Khandesh,IN,21.25,75.300003,2026-06-21 21:15:00,2026-06-21 00:17:00,2026-06-21 13:43:00,Clear,clear sky,800,29.6,32.1,27.8,38.7,61.0,1005.4,0.0,3.82,292.0,17.0,0.0,20260621_211759,85.28,13.75,26.36,2026-06-21,21,Sunday,13.43,Moderate,Medium,Clear,2026-06-21 21:19:41
5,Chalisgaon,Jalgaon,Nashik,Khandesh,IN,20.466669,75.01667,2026-06-21 21:15:00,2026-06-21 00:20:00,2026-06-21 13:42:00,Clear,clear sky,800,30.5,33.1,28.3,39.1,57.0,1005.7,0.0,3.36,275.0,4.0,0.0,20260621_211759,86.9,12.1,26.72,2026-06-21,21,Sunday,13.37,Hot,Medium,Clear,2026-06-21 21:19:41
4,Bhusawal,Jalgaon,Nashik,Khandesh,IN,21.049999,75.76667,2026-06-21 21:15:00,2026-06-21 00:16:00,2026-06-21 13:41:00,Clear,mainly clear,801,31.2,33.0,28.8,39.8,54.0,1005.0,0.0,4.71,289.0,20.0,0.0,20260621_211759,88.16,16.96,26.97,2026-06-21,21,Sunday,13.42,Hot,Medium,Clear,2026-06-21 21:19:41
3,Bhadgaon,Jalgaon,Nashik,Khandesh,IN,20.8167,75.2333,2026-06-21 21:15:00,2026-06-21 00:18:00,2026-06-21 13:42:00,Clear,mainly clear,801,30.9,33.5,28.7,39.7,56.0,1005.5,0.0,3.47,295.0,25.0,0.0,20260621_211759,87.62,12.49,26.93,2026-06-21,21,Sunday,13.4,Hot,Medium,Clear,2026-06-21 21:19:41
2,Amalner,Jalgaon,Nashik,Khandesh,IN,21.049999,75.066673,2026-06-21 21:15:00,2026-06-21 00:18:00,2026-06-21 13:43:00,Clear,mainly clear,801,30.7,33.4,28.7,39.5,58.0,1005.4,0.0,3.51,287.0,34.0,0.0,20260621_211759,87.26,12.64,26.96,2026-06-21,21,Sunday,13.42,Hot,Medium,Clear,2026-06-21 21:19:41
1,Shirpur,Dhule,Nashik,Khandesh,IN,21.35,74.883331,2026-06-21 21:15:00,2026-06-21 00:19:00,2026-06-21 13:45:00,Clear,mainly clear,801,29.5,32.8,28.2,39.3,67.0,1005.4,0.0,3.84,291.0,20.0,0.0,20260621_211759,85.1,13.82,26.78,2026-06-21,21,Sunday,13.43,Moderate,Medium,Clear,2026-06-21 21:19:41
